STRUCTURE,STRUCTURE_ID,STRUCTURE_NAME,ACTION,FREQ,Frequency of observation,REF_AREA,Reference area,MEASURE,Measure,UNIT_MEASURE,Unit of measure,VERSION,Version,TIME_PERIOD,Time period,OBS_VALUE,Observation value,CONF_STATUS,Confidentiality status,DECIMALS,Decimals,OBS_STATUS,Observation status,UNIT_MULT,Unit multiplier
DATAFLOW,OECD.ELS.JAI:DSD_EPL@DF_EPL(1.0),Strictness of employment protection,I,A,Annual,AUS,Australia,EPL_T,Temporary contracts,0_TO_6,0-6 scale,VERSION4,Version 4 (2013-2019),2013,,0.94444442,,F,Free (free for publication),2,Two,A,Normal value,0,Units
DATAFLOW,OECD.ELS.JAI:DSD_EPL@DF_EPL(1.0),Strictness of employment protection,I,A,Annual,AUT,Austria,EPL_T,Temporary contracts,0_TO_6,0-6 scale,VERSION4,Version 4 (2013-2019),2013,,1.6944444,,F,Free (free for publication),2,Two,A,Normal value,0,Units
DATAFLOW,OECD.ELS.JAI:DSD_EPL@DF_EPL(1.0),Strictness of employment protection,I,A,Annual,BEL,Belgium,EPL_T,Temporary contracts,0_TO_6,0-6 scale,VERSION4,Version 4 (2013-2019),2013,,1.6944444,,F,Free (free for publication),2,Two,A,Normal value,0,Units
DATAFLOW,OECD.ELS.JAI:DSD_EPL@DF_EPL(1.0),Strictness of employment protection,I,A,Annual,CAN,Canada,EPL_T,Temporary contracts,0_TO_6,0-6 scale,VERSION4,Version 4 (2013-2019),2013,,0.18166666,,F,Free (free for publication),2,Two,A,Normal value,0,Units
DATAFLOW,OECD.ELS.JAI:DSD_EPL@DF_EPL(1.0),Strictness of employment protection,I,A,Annual,CHL,Chile,EPL_T,Temporary contracts,0_TO_6,0-6 scale,VERSION4,Version 4 (2013-2019),2013,,1.861111,,F,Free (free for publication),2,Two,A,Normal value,0,Units
DATAFLOW,OECD.ELS.JAI:DSD_EPL@DF_EPL(1.0),Strictness of employment protection,I,A,Annual,CZE,Czechia,EPL_T,Temporary contracts,0_TO_6,0-6 scale,VERSION4,Version 4 (2013-2019),2013,,1.6666666,,F,Free (free for publication),2,Two,A,Normal value,0,Units
DATAFLOW,OECD.ELS.JAI:DSD_EPL@DF_EPL(1.0),Strictness of employment protection,I,A,Annual,DNK,Denmark,EPL_T,Temporary contracts,0_TO_6,0-6 scale,VERSION4,Version 4 (2013-2019),2013,,1.4444444,,F,Free (free for publication),2,Two,A,Normal value,0,Units
DATAFLOW,OECD.ELS.JAI:DSD_EPL@DF_EPL(1.0),Strictness of employment protection,I,A,Annual,EST,Estonia,EPL_T,Temporary contracts,0_TO_6,0-6 scale,VERSION4,Version 4 (2013-2019),2013,,2.2777777,,F,Free (free for publication),2,Two,A,Normal value,0,Units
DATAFLOW,OECD.ELS.JAI:DSD_EPL@DF_EPL(1.0),Strictness of employment protection,I,A,Annual,FIN,Finland,EPL_T,Temporary contracts,0_TO_6,0-6 scale,VERSION4,Version 4 (2013-2019),2013,,1.4166666,,F,Free (free for publication),2,Two,A,Normal value,0,Units
DATAFLOW,OECD.ELS.JAI:DSD_EPL@DF_EPL(1.0),Strictness of employment protection,I,A,Annual,FRA,France,EPL_T,Temporary contracts,0_TO_6,0-6 scale,VERSION4,Version 4 (2013-2019),2013,,2.845238,,F,Free (free for publication),2,Two,A,Normal value,0,Units
DATAFLOW,OECD.ELS.JAI:DSD_EPL@DF_EPL(1.0),Strictness of employment protection,I,A,Annual,DEU,Germany,EPL_T,Temporary contracts,0_TO_6,0-6 scale,VERSION4,Version 4 (2013-2019),2013,,1.25,,F,Free (free for publication),2,Two,A,Normal value,0,Units
DATAFLOW,OECD.ELS.JAI:DSD_EPL@DF_EPL(1.0),Strictness of employment protection,I,A,Annual,GRC,Greece,EPL_T,Temporary contracts,0_TO_6,0-6 scale,VERSION4,Version 4 (2013-2019),2013,,2.1944444,,F,Free (free for publication),2,Two,A,Normal value,0,Units
DATAFLOW,OECD.ELS.JAI:DSD_EPL@DF_EPL(1.0),Strictness of employment protection,I,A,Annual,HUN,Hungary,EPL_T,Temporary contracts,0_TO_6,0-6 scale,VERSION4,Version 4 (2013-2019),2013,,1.5833334,,F,Free (free for publication),2,Two,A,Normal value,0,Units
DATAFLOW,OECD.ELS.JAI:DSD_EPL@DF_EPL(1.0),Strictness of employment protection,I,A,Annual,ISL,Iceland,EPL_T,Temporary contracts,0_TO_6,0-6 scale,VERSION4,Version 4 (2013-2019),2013,,0.90277779,,F,Free (free for publication),2,Two,A,Normal value,0,Units
DATAFLOW,OECD.ELS.JAI:DSD_EPL@DF_EPL(1.0),Strictness of employment protection,I,A,Annual,IRL,Ireland,EPL_T,Temporary contracts,0_TO_6,0-6 scale,VERSION4,Version 4 (2013-2019),2013,,0.84722221,,F,Free (free for publication),2,Two,A,Normal value,0,Units
DATAFLOW,OECD.ELS.JAI:DSD_EPL@DF_EPL(1.0),Strictness of employment protection,I,A,Annual,ISR,Israel,EPL_T,Temporary contracts,0_TO_6,0-6 scale,VERSION4,Version 4 (2013-2019),2013,,1.0972222,,F,Free (free for publication),2,Two,A,Normal value,0,Units
DATAFLOW,OECD.ELS.JAI:DSD_EPL@DF_EPL(1.0),Strictness of employment protection,I,A,Annual,ITA,Italy,EPL_T,Temporary contracts,0_TO_6,0-6 scale,VERSION4,Version 4 (2013-2019),2013,,2.0555556,,F,Free (free for publication),2,Two,A,Normal value,0,Units
DATAFLOW,OECD.ELS.JAI:DSD_EPL@DF_EPL(1.0),Strictness of employment protection,I,A,Annual,JPN,Japan,EPL_T,Temporary contracts,0_TO_6,0-6 scale,VERSION4,Version 4 (2013-2019),2013,,0.98214287,,F,Free (free for publication),2,Two,A,Normal value,0,Units
DATAFLOW,OECD.ELS.JAI:DSD_EPL@DF_EPL(1.0),Strictness of employment protection,I,A,Annual,KOR,Korea,EPL_T,Temporary contracts,0_TO_6,0-6 scale,VERSION4,Version 4 (2013-2019),2013,,1.8346355,,F,Free (free for publication),2,Two,A,Normal value,0,Units
DATAFLOW,OECD.ELS.JAI:DSD_EPL@DF_EPL(1.0),Strictness of employment protection,I,A,Annual,LVA,Latvia,EPL_T,Temporary contracts,0_TO_6,0-6 scale,VERSION4,Version 4 (2013-2019),2013,,1.236111,,F,Free (free for publication),2,Two,A,Normal value,0,Units
DATAFLOW,OECD.ELS.JAI:DSD_EPL@DF_EPL(1.0),Strictness of employment protection,I,A,Annual,LUX,Luxembourg,EPL_T,Temporary contracts,0_TO_6,0-6 scale,VERSION4,Version 4 (2013-2019),2013,,2.8055556,,F,Free (free for publication),2,Two,A,Normal value,0,Units
DATAFLOW,OECD.ELS.JAI:DSD_EPL@DF_EPL(1.0),Strictness of employment protection,I,A,Annual,MEX,Mexico,EPL_T,Temporary contracts,0_TO_6,0-6 scale,VERSION4,Version 4 (2013-2019),2013,,1.5694444,,F,Free (free for publication),2,Two,A,Normal value,0,Units
DATAFLOW,OECD.ELS.JAI:DSD_EPL@DF_EPL(1.0),Strictness of employment protection,I,A,Annual,NLD,Netherlands,EPL_T,Temporary contracts,0_TO_6,0-6 scale,VERSION4,Version 4 (2013-2019),2013,,1.0277778,,F,Free (free for publication),2,Two,A,Normal value,0,Units
DATAFLOW,OECD.ELS.JAI:DSD_EPL@DF_EPL(1.0),Strictness of employment protection,I,A,Annual,NZL,New Zealand,EPL_T,Temporary contracts,0_TO_6,0-6 scale,VERSION4,Version 4 (2013-2019),2013,,0.8611111,,F,Free (free for publication),2,Two,A,Normal value,0,Units
DATAFLOW,OECD.ELS.JAI:DSD_EPL@DF_EPL(1.0),Strictness of employment protection,I,A,Annual,NOR,Norway,EPL_T,Temporary contracts,0_TO_6,0-6 scale,VERSION4,Version 4 (2013-2019),2013,,2.5277777,,F,Free (free for publication),2,Two,A,Normal value,0,Units
DATAFLOW,OECD.ELS.JAI:DSD_EPL@DF_EPL(1.0),Strictness of employment protection,I,A,Annual,POL,Poland,EPL_T,Temporary contracts,0_TO_6,0-6 scale,VERSION4,Version 4 (2013-2019),2013,,1.7222222,,F,Free (free for publication),2,Two,A,Normal value,0,Units
DATAFLOW,OECD.ELS.JAI:DSD_EPL@DF_EPL(1.0),Strictness of employment protection,I,A,Annual,PRT,Portugal,EPL_T,Temporary contracts,0_TO_6,0-6 scale,VERSION4,Version 4 (2013-2019),2013,,1.8564608,,F,Free (free for publication),2,Two,A,Normal value,0,Units
DATAFLOW,OECD.ELS.JAI:DSD_EPL@DF_EPL(1.0),Strictness of employment protection,I,A,Annual,SVK,Slovak Republic,EPL_T,Temporary contracts,0_TO_6,0-6 scale,VERSION4,Version 4 (2013-2019),2013,,1.861111,,F,Free (free for publication),2,Two,A,Normal value,0,Units
DATAFLOW,OECD.ELS.JAI:DSD_EPL@DF_EPL(1.0),Strictness of employment protection,I,A,Annual,SVN,Slovenia,EPL_T,Temporary contracts,0_TO_6,0-6 scale,VERSION4,Version 4 (2013-2019),2013,,1.7083334,,F,Free (free for publication),2,Two,A,Normal value,0,Units
DATAFLOW,OECD.ELS.JAI:DSD_EPL@DF_EPL(1.0),Strictness of employment protection,I,A,Annual,ESP,Spain,EPL_T,Temporary contracts,0_TO_6,0-6 scale,VERSION4,Version 4 (2013-2019),2013,,2.40873,,F,Free (free for publication),2,Two,A,Normal value,0,Units
DATAFLOW,OECD.ELS.JAI:DSD_EPL@DF_EPL(1.0),Strictness of employment protection,I,A,Annual,SWE,Sweden,EPL_T,Temporary contracts,0_TO_6,0-6 scale,VERSION4,Version 4 (2013-2019),2013,,1.1527778,,F,Free (free for publication),2,Two,A,Normal value,0,Units
DATAFLOW,OECD.ELS.JAI:DSD_EPL@DF_EPL(1.0),Strictness of employment protection,I,A,Annual,CHE,Switzerland,EPL_T,Temporary contracts,0_TO_6,0-6 scale,VERSION4,Version 4 (2013-2019),2013,,1.2043651,,F,Free (free for publication),2,Two,A,Normal value,0,Units
DATAFLOW,OECD.ELS.JAI:DSD_EPL@DF_EPL(1.0),Strictness of employment protection,I,A,Annual,TUR,Türkiye,EPL_T,Temporary contracts,0_TO_6,0-6 scale,VERSION4,Version 4 (2013-2019),2013,,3.5555556,,F,Free (free for publication),2,Two,A,Normal value,0,Units
DATAFLOW,OECD.ELS.JAI:DSD_EPL@DF_EPL(1.0),Strictness of employment protection,I,A,Annual,GBR,United Kingdom,EPL_T,Temporary contracts,0_TO_6,0-6 scale,VERSION4,Version 4 (2013-2019),2013,,0.40277776,,F,Free (free for publication),2,Two,A,Normal value,0,Units
DATAFLOW,OECD.ELS.JAI:DSD_EPL@DF_EPL(1.0),Strictness of employment protection,I,A,Annual,USA,United States,EPL_T,Temporary contracts,0_TO_6,0-6 scale,VERSION4,Version 4 (2013-2019),2013,,0.2638889,,F,Free (free for publication),2,Two,A,Normal value,0,Units
DATAFLOW,OECD.ELS.JAI:DSD_EPL@DF_EPL(1.0),Strictness of employment protection,I,A,Annual,AUS,Australia,EPL_T,Temporary contracts,0_TO_6,0-6 scale,VERSION4,Version 4 (2013-2019),2014,,0.94444442,,F,Free (free for publication),2,Two,A,Normal value,0,Units
DATAFLOW,OECD.ELS.JAI:DSD_EPL@DF_EPL(1.0),Strictness of employment protection,I,A,Annual,AUT,Austria,EPL_T,Temporary contracts,0_TO_6,0-6 scale,VERSION4,Version 4 (2013-2019),2014,,1.6944444,,F,Free (free for publication),2,Two,A,Normal value,0,Units
DATAFLOW,OECD.ELS.JAI:DSD_EPL@DF_EPL(1.0),Strictness of employment protection,I,A,Annual,BEL,Belgium,EPL_T,Temporary contracts,0_TO_6,0-6 scale,VERSION4,Version 4 (2013-2019),2014,,1.611111,,F,Free (free for publication),2,Two,A,Normal value,0,Units
DATAFLOW,OECD.ELS.JAI:DSD_EPL@DF_EPL(1.0),Strictness of employment protection,I,A,Annual,CAN,Canada,EPL_T,Temporary contracts,0_TO_6,0-6 scale,VERSION4,Version 4 (2013-2019),2014,,0.18166666,,F,Free (free for publication),2,Two,A,Normal value,0,Units
DATAFLOW,OECD.ELS.JAI:DSD_EPL@DF_EPL(1.0),Strictness of employment protection,I,A,Annual,CHL,Chile,EPL_T,Temporary contracts,0_TO_6,0-6 scale,VERSION4,Version 4 (2013-2019),2014,,1.861111,,F,Free (free for publication),2,Two,A,Normal value,0,Units
DATAFLOW,OECD.ELS.JAI:DSD_EPL@DF_EPL(1.0),Strictness of employment protection,I,A,Annual,COL,Colombia,EPL_T,Temporary contracts,0_TO_6,0-6 scale,VERSION4,Version 4 (2013-2019),2014,,1.5416666,,F,Free (free for publication),2,Two,A,Normal value,0,Units
DATAFLOW,OECD.ELS.JAI:DSD_EPL@DF_EPL(1.0),Strictness of employment protection,I,A,Annual,CZE,Czechia,EPL_T,Temporary contracts,0_TO_6,0-6 scale,VERSION4,Version 4 (2013-2019),2014,,1.6666666,,F,Free (free for publication),2,Two,A,Normal value,0,Units
DATAFLOW,OECD.ELS.JAI:DSD_EPL@DF_EPL(1.0),Strictness of employment protection,I,A,Annual,DNK,Denmark,EPL_T,Temporary contracts,0_TO_6,0-6 scale,VERSION4,Version 4 (2013-2019),2014,,1.5555556,,F,Free (free for publication),2,Two,A,Normal value,0,Units
DATAFLOW,OECD.ELS.JAI:DSD_EPL@DF_EPL(1.0),Strictness of employment protection,I,A,Annual,EST,Estonia,EPL_T,Temporary contracts,0_TO_6,0-6 scale,VERSION4,Version 4 (2013-2019),2014,,2.2777777,,F,Free (free for publication),2,Two,A,Normal value,0,Units
DATAFLOW,OECD.ELS.JAI:DSD_EPL@DF_EPL(1.0),Strictness of employment protection,I,A,Annual,FIN,Finland,EPL_T,Temporary contracts,0_TO_6,0-6 scale,VERSION4,Version 4 (2013-2019),2014,,1.4166666,,F,Free (free for publication),2,Two,A,Normal value,0,Units
DATAFLOW,OECD.ELS.JAI:DSD_EPL@DF_EPL(1.0),Strictness of employment protection,I,A,Annual,FRA,France,EPL_T,Temporary contracts,0_TO_6,0-6 scale,VERSION4,Version 4 (2013-2019),2014,,2.845238,,F,Free (free for publication),2,Two,A,Normal value,0,Units
DATAFLOW,OECD.ELS.JAI:DSD_EPL@DF_EPL(1.0),Strictness of employment protection,I,A,Annual,DEU,Germany,EPL_T,Temporary contracts,0_TO_6,0-6 scale,VERSION4,Version 4 (2013-2019),2014,,1.25,,F,Free (free for publication),2,Two,A,Normal value,0,Units
DATAFLOW,OECD.ELS.JAI:DSD_EPL@DF_EPL(1.0),Strictness of employment protection,I,A,Annual,GRC,Greece,EPL_T,Temporary contracts,0_TO_6,0-6 scale,VERSION4,Version 4 (2013-2019),2014,,2.1944444,,F,Free (free for publication),2,Two,A,Normal value,0,Units
DATAFLOW,OECD.ELS.JAI:DSD_EPL@DF_EPL(1.0),Strictness of employment protection,I,A,Annual,HUN,Hungary,EPL_T,Temporary contracts,0_TO_6,0-6 scale,VERSION4,Version 4 (2013-2019),2014,,1.5833334,,F,Free (free for publication),2,Two,A,Normal value,0,Units
DATAFLOW,OECD.ELS.JAI:DSD_EPL@DF_EPL(1.0),Strictness of employment protection,I,A,Annual,ISL,Iceland,EPL_T,Temporary contracts,0_TO_6,0-6 scale,VERSION4,Version 4 (2013-2019),2014,,1.0694444,,F,Free (free for publication),2,Two,A,Normal value,0,Units
DATAFLOW,OECD.ELS.JAI:DSD_EPL@DF_EPL(1.0),Strictness of employment protection,I,A,Annual,IRL,Ireland,EPL_T,Temporary contracts,0_TO_6,0-6 scale,VERSION4,Version 4 (2013-2019),2014,,0.84722221,,F,Free (free for publication),2,Two,A,Normal value,0,Units
DATAFLOW,OECD.ELS.JAI:DSD_EPL@DF_EPL(1.0),Strictness of employment protection,I,A,Annual,ISR,Israel,EPL_T,Temporary contracts,0_TO_6,0-6 scale,VERSION4,Version 4 (2013-2019),2014,,1.0972222,,F,Free (free for publication),2,Two,A,Normal value,0,Units
DATAFLOW,OECD.ELS.JAI:DSD_EPL@DF_EPL(1.0),Strictness of employment protection,I,A,Annual,ITA,Italy,EPL_T,Temporary contracts,0_TO_6,0-6 scale,VERSION4,Version 4 (2013-2019),2014,,2.0555556,,F,Free (free for publication),2,Two,A,Normal value,0,Units
DATAFLOW,OECD.ELS.JAI:DSD_EPL@DF_EPL(1.0),Strictness of employment protection,I,A,Annual,JPN,Japan,EPL_T,Temporary contracts,0_TO_6,0-6 scale,VERSION4,Version 4 (2013-2019),2014,,1.0654762,,F,Free (free for publication),2,Two,A,Normal value,0,Units
DATAFLOW,OECD.ELS.JAI:DSD_EPL@DF_EPL(1.0),Strictness of employment protection,I,A,Annual,KOR,Korea,EPL_T,Temporary contracts,0_TO_6,0-6 scale,VERSION4,Version 4 (2013-2019),2014,,1.8346355,,F,Free (free for publication),2,Two,A,Normal value,0,Units
DATAFLOW,OECD.ELS.JAI:DSD_EPL@DF_EPL(1.0),Strictness of employment protection,I,A,Annual,LVA,Latvia,EPL_T,Temporary contracts,0_TO_6,0-6 scale,VERSION4,Version 4 (2013-2019),2014,,1.236111,,F,Free (free for publication),2,Two,A,Normal value,0,Units
DATAFLOW,OECD.ELS.JAI:DSD_EPL@DF_EPL(1.0),Strictness of employment protection,I,A,Annual,LTU,Lithuania,EPL_T,Temporary contracts,0_TO_6,0-6 scale,VERSION4,Version 4 (2013-2019),2014,,2.3888888,,F,Free (free for publication),2,Two,A,Normal value,0,Units
DATAFLOW,OECD.ELS.JAI:DSD_EPL@DF_EPL(1.0),Strictness of employment protection,I,A,Annual,LUX,Luxembourg,EPL_T,Temporary contracts,0_TO_6,0-6 scale,VERSION4,Version 4 (2013-2019),2014,,2.8055556,,F,Free (free for publication),2,Two,A,Normal value,0,Units
DATAFLOW,OECD.ELS.JAI:DSD_EPL@DF_EPL(1.0),Strictness of employment protection,I,A,Annual,MEX,Mexico,EPL_T,Temporary contracts,0_TO_6,0-6 scale,VERSION4,Version 4 (2013-2019),2014,,1.5694444,,F,Free (free for publication),2,Two,A,Normal value,0,Units
DATAFLOW,OECD.ELS.JAI:DSD_EPL@DF_EPL(1.0),Strictness of employment protection,I,A,Annual,NLD,Netherlands,EPL_T,Temporary contracts,0_TO_6,0-6 scale,VERSION4,Version 4 (2013-2019),2014,,1.0277778,,F,Free (free for publication),2,Two,A,Normal value,0,Units
DATAFLOW,OECD.ELS.JAI:DSD_EPL@DF_EPL(1.0),Strictness of employment protection,I,A,Annual,NZL,New Zealand,EPL_T,Temporary contracts,0_TO_6,0-6 scale,VERSION4,Version 4 (2013-2019),2014,,0.8611111,,F,Free (free for publication),2,Two,A,Normal value,0,Units
DATAFLOW,OECD.ELS.JAI:DSD_EPL@DF_EPL(1.0),Strictness of employment protection,I,A,Annual,NOR,Norway,EPL_T,Temporary contracts,0_TO_6,0-6 scale,VERSION4,Version 4 (2013-2019),2014,,2.5277777,,F,Free (free for publication),2,Two,A,Normal value,0,Units
DATAFLOW,OECD.ELS.JAI:DSD_EPL@DF_EPL(1.0),Strictness of employment protection,I,A,Annual,POL,Poland,EPL_T,Temporary contracts,0_TO_6,0-6 scale,VERSION4,Version 4 (2013-2019),2014,,1.7222222,,F,Free (free for publication),2,Two,A,Normal value,0,Units
DATAFLOW,OECD.ELS.JAI:DSD_EPL@DF_EPL(1.0),Strictness of employment protection,I,A,Annual,PRT,Portugal,EPL_T,Temporary contracts,0_TO_6,0-6 scale,VERSION4,Version 4 (2013-2019),2014,,1.8564608,,F,Free (free for publication),2,Two,A,Normal value,0,Units
DATAFLOW,OECD.ELS.JAI:DSD_EPL@DF_EPL(1.0),Strictness of employment protection,I,A,Annual,SVK,Slovak Republic,EPL_T,Temporary contracts,0_TO_6,0-6 scale,VERSION4,Version 4 (2013-2019),2014,,1.861111,,F,Free (free for publication),2,Two,A,Normal value,0,Units
DATAFLOW,OECD.ELS.JAI:DSD_EPL@DF_EPL(1.0),Strictness of employment protection,I,A,Annual,SVN,Slovenia,EPL_T,Temporary contracts,0_TO_6,0-6 scale,VERSION4,Version 4 (2013-2019),2014,,1.5059524,,F,Free (free for publication),2,Two,A,Normal value,0,Units
DATAFLOW,OECD.ELS.JAI:DSD_EPL@DF_EPL(1.0),Strictness of employment protection,I,A,Annual,ESP,Spain,EPL_T,Temporary contracts,0_TO_6,0-6 scale,VERSION4,Version 4 (2013-2019),2014,,2.3670635,,F,Free (free for publication),2,Two,A,Normal value,0,Units
DATAFLOW,OECD.ELS.JAI:DSD_EPL@DF_EPL(1.0),Strictness of employment protection,I,A,Annual,SWE,Sweden,EPL_T,Temporary contracts,0_TO_6,0-6 scale,VERSION4,Version 4 (2013-2019),2014,,1.1527778,,F,Free (free for publication),2,Two,A,Normal value,0,Units
DATAFLOW,OECD.ELS.JAI:DSD_EPL@DF_EPL(1.0),Strictness of employment protection,I,A,Annual,CHE,Switzerland,EPL_T,Temporary contracts,0_TO_6,0-6 scale,VERSION4,Version 4 (2013-2019),2014,,1.2043651,,F,Free (free for publication),2,Two,A,Normal value,0,Units
DATAFLOW,OECD.ELS.JAI:DSD_EPL@DF_EPL(1.0),Strictness of employment protection,I,A,Annual,TUR,Türkiye,EPL_T,Temporary contracts,0_TO_6,0-6 scale,VERSION4,Version 4 (2013-2019),2014,,3.5555556,,F,Free (free for publication),2,Two,A,Normal value,0,Units
DATAFLOW,OECD.ELS.JAI:DSD_EPL@DF_EPL(1.0),Strictness of employment protection,I,A,Annual,GBR,United Kingdom,EPL_T,Temporary contracts,0_TO_6,0-6 scale,VERSION4,Version 4 (2013-2019),2014,,0.40277776,,F,Free (free for publication),2,Two,A,Normal value,0,Units
DATAFLOW,OECD.ELS.JAI:DSD_EPL@DF_EPL(1.0),Strictness of employment protection,I,A,Annual,USA,United States,EPL_T,Temporary contracts,0_TO_6,0-6 scale,VERSION4,Version 4 (2013-2019),2014,,0.2638889,,F,Free (free for publication),2,Two,A,Normal value,0,Units
DATAFLOW,OECD.ELS.JAI:DSD_EPL@DF_EPL(1.0),Strictness of employment protection,I,A,Annual,AUS,Australia,EPL_T,Temporary contracts,0_TO_6,0-6 scale,VERSION4,Version 4 (2013-2019),2015,,0.94444442,,F,Free (free for publication),2,Two,A,Normal value,0,Units
DATAFLOW,OECD.ELS.JAI:DSD_EPL@DF_EPL(1.0),Strictness of employment protection,I,A,Annual,AUT,Austria,EPL_T,Temporary contracts,0_TO_6,0-6 scale,VERSION4,Version 4 (2013-2019),2015,,1.6944444,,F,Free (free for publication),2,Two,A,Normal value,0,Units
DATAFLOW,OECD.ELS.JAI:DSD_EPL@DF_EPL(1.0),Strictness of employment protection,I,A,Annual,BEL,Belgium,EPL_T,Temporary contracts,0_TO_6,0-6 scale,VERSION4,Version 4 (2013-2019),2015,,1.611111,,F,Free (free for publication),2,Two,A,Normal value,0,Units
DATAFLOW,OECD.ELS.JAI:DSD_EPL@DF_EPL(1.0),Strictness of employment protection,I,A,Annual,CAN,Canada,EPL_T,Temporary contracts,0_TO_6,0-6 scale,VERSION4,Version 4 (2013-2019),2015,,0.18166666,,F,Free (free for publication),2,Two,A,Normal value,0,Units
DATAFLOW,OECD.ELS.JAI:DSD_EPL@DF_EPL(1.0),Strictness of employment protection,I,A,Annual,CHL,Chile,EPL_T,Temporary contracts,0_TO_6,0-6 scale,VERSION4,Version 4 (2013-2019),2015,,1.861111,,F,Free (free for publication),2,Two,A,Normal value,0,Units
DATAFLOW,OECD.ELS.JAI:DSD_EPL@DF_EPL(1.0),Strictness of employment protection,I,A,Annual,COL,Colombia,EPL_T,Temporary contracts,0_TO_6,0-6 scale,VERSION4,Version 4 (2013-2019),2015,,1.5416666,,F,Free (free for publication),2,Two,A,Normal value,0,Units
DATAFLOW,OECD.ELS.JAI:DSD_EPL@DF_EPL(1.0),Strictness of employment protection,I,A,Annual,CZE,Czechia,EPL_T,Temporary contracts,0_TO_6,0-6 scale,VERSION4,Version 4 (2013-2019),2015,,1.6666666,,F,Free (free for publication),2,Two,A,Normal value,0,Units
DATAFLOW,OECD.ELS.JAI:DSD_EPL@DF_EPL(1.0),Strictness of employment protection,I,A,Annual,DNK,Denmark,EPL_T,Temporary contracts,0_TO_6,0-6 scale,VERSION4,Version 4 (2013-2019),2015,,1.5555556,,F,Free (free for publication),2,Two,A,Normal value,0,Units
DATAFLOW,OECD.ELS.JAI:DSD_EPL@DF_EPL(1.0),Strictness of employment protection,I,A,Annual,EST,Estonia,EPL_T,Temporary contracts,0_TO_6,0-6 scale,VERSION4,Version 4 (2013-2019),2015,,2.2777777,,F,Free (free for publication),2,Two,A,Normal value,0,Units
DATAFLOW,OECD.ELS.JAI:DSD_EPL@DF_EPL(1.0),Strictness of employment protection,I,A,Annual,FIN,Finland,EPL_T,Temporary contracts,0_TO_6,0-6 scale,VERSION4,Version 4 (2013-2019),2015,,1.4166666,,F,Free (free for publication),2,Two,A,Normal value,0,Units
DATAFLOW,OECD.ELS.JAI:DSD_EPL@DF_EPL(1.0),Strictness of employment protection,I,A,Annual,FRA,France,EPL_T,Temporary contracts,0_TO_6,0-6 scale,VERSION4,Version 4 (2013-2019),2015,,2.845238,,F,Free (free for publication),2,Two,A,Normal value,0,Units
DATAFLOW,OECD.ELS.JAI:DSD_EPL@DF_EPL(1.0),Strictness of employment protection,I,A,Annual,DEU,Germany,EPL_T,Temporary contracts,0_TO_6,0-6 scale,VERSION4,Version 4 (2013-2019),2015,,1.25,,F,Free (free for publication),2,Two,A,Normal value,0,Units
DATAFLOW,OECD.ELS.JAI:DSD_EPL@DF_EPL(1.0),Strictness of employment protection,I,A,Annual,GRC,Greece,EPL_T,Temporary contracts,0_TO_6,0-6 scale,VERSION4,Version 4 (2013-2019),2015,,2.1944444,,F,Free (free for publication),2,Two,A,Normal value,0,Units
DATAFLOW,OECD.ELS.JAI:DSD_EPL@DF_EPL(1.0),Strictness of employment protection,I,A,Annual,HUN,Hungary,EPL_T,Temporary contracts,0_TO_6,0-6 scale,VERSION4,Version 4 (2013-2019),2015,,1.5833334,,F,Free (free for publication),2,Two,A,Normal value,0,Units
DATAFLOW,OECD.ELS.JAI:DSD_EPL@DF_EPL(1.0),Strictness of employment protection,I,A,Annual,ISL,Iceland,EPL_T,Temporary contracts,0_TO_6,0-6 scale,VERSION4,Version 4 (2013-2019),2015,,1.0694444,,F,Free (free for publication),2,Two,A,Normal value,0,Units
DATAFLOW,OECD.ELS.JAI:DSD_EPL@DF_EPL(1.0),Strictness of employment protection,I,A,Annual,IRL,Ireland,EPL_T,Temporary contracts,0_TO_6,0-6 scale,VERSION4,Version 4 (2013-2019),2015,,0.84722221,,F,Free (free for publication),2,Two,A,Normal value,0,Units
DATAFLOW,OECD.ELS.JAI:DSD_EPL@DF_EPL(1.0),Strictness of employment protection,I,A,Annual,ISR,Israel,EPL_T,Temporary contracts,0_TO_6,0-6 scale,VERSION4,Version 4 (2013-2019),2015,,1.0972222,,F,Free (free for publication),2,Two,A,Normal value,0,Units
DATAFLOW,OECD.ELS.JAI:DSD_EPL@DF_EPL(1.0),Strictness of employment protection,I,A,Annual,ITA,Italy,EPL_T,Temporary contracts,0_TO_6,0-6 scale,VERSION4,Version 4 (2013-2019),2015,,1.7222222,,F,Free (free for publication),2,Two,A,Normal value,0,Units
DATAFLOW,OECD.ELS.JAI:DSD_EPL@DF_EPL(1.0),Strictness of employment protection,I,A,Annual,JPN,Japan,EPL_T,Temporary contracts,0_TO_6,0-6 scale,VERSION4,Version 4 (2013-2019),2015,,1.0654762,,F,Free (free for publication),2,Two,A,Normal value,0,Units
DATAFLOW,OECD.ELS.JAI:DSD_EPL@DF_EPL(1.0),Strictness of employment protection,I,A,Annual,KOR,Korea,EPL_T,Temporary contracts,0_TO_6,0-6 scale,VERSION4,Version 4 (2013-2019),2015,,1.8346355,,F,Free (free for publication),2,Two,A,Normal value,0,Units
DATAFLOW,OECD.ELS.JAI:DSD_EPL@DF_EPL(1.0),Strictness of employment protection,I,A,Annual,LVA,Latvia,EPL_T,Temporary contracts,0_TO_6,0-6 scale,VERSION4,Version 4 (2013-2019),2015,,1.236111,,F,Free (free for publication),2,Two,A,Normal value,0,Units
DATAFLOW,OECD.ELS.JAI:DSD_EPL@DF_EPL(1.0),Strictness of employment protection,I,A,Annual,LTU,Lithuania,EPL_T,Temporary contracts,0_TO_6,0-6 scale,VERSION4,Version 4 (2013-2019),2015,,2.4722223,,F,Free (free for publication),2,Two,A,Normal value,0,Units
DATAFLOW,OECD.ELS.JAI:DSD_EPL@DF_EPL(1.0),Strictness of employment protection,I,A,Annual,LUX,Luxembourg,EPL_T,Temporary contracts,0_TO_6,0-6 scale,VERSION4,Version 4 (2013-2019),2015,,2.8055556,,F,Free (free for publication),2,Two,A,Normal value,0,Units
DATAFLOW,OECD.ELS.JAI:DSD_EPL@DF_EPL(1.0),Strictness of employment protection,I,A,Annual,MEX,Mexico,EPL_T,Temporary contracts,0_TO_6,0-6 scale,VERSION4,Version 4 (2013-2019),2015,,1.5694444,,F,Free (free for publication),2,Two,A,Normal value,0,Units
DATAFLOW,OECD.ELS.JAI:DSD_EPL@DF_EPL(1.0),Strictness of employment protection,I,A,Annual,NLD,Netherlands,EPL_T,Temporary contracts,0_TO_6,0-6 scale,VERSION4,Version 4 (2013-2019),2015,,1.0277778,,F,Free (free for publication),2,Two,A,Normal value,0,Units
DATAFLOW,OECD.ELS.JAI:DSD_EPL@DF_EPL(1.0),Strictness of employment protection,I,A,Annual,NZL,New Zealand,EPL_T,Temporary contracts,0_TO_6,0-6 scale,VERSION4,Version 4 (2013-2019),2015,,0.8611111,,F,Free (free for publication),2,Two,A,Normal value,0,Units
DATAFLOW,OECD.ELS.JAI:DSD_EPL@DF_EPL(1.0),Strictness of employment protection,I,A,Annual,NOR,Norway,EPL_T,Temporary contracts,0_TO_6,0-6 scale,VERSION4,Version 4 (2013-2019),2015,,2.5277777,,F,Free (free for publication),2,Two,A,Normal value,0,Units
DATAFLOW,OECD.ELS.JAI:DSD_EPL@DF_EPL(1.0),Strictness of employment protection,I,A,Annual,POL,Poland,EPL_T,Temporary contracts,0_TO_6,0-6 scale,VERSION4,Version 4 (2013-2019),2015,,1.7222222,,F,Free (free for publication),2,Two,A,Normal value,0,Units
DATAFLOW,OECD.ELS.JAI:DSD_EPL@DF_EPL(1.0),Strictness of employment protection,I,A,Annual,PRT,Portugal,EPL_T,Temporary contracts,0_TO_6,0-6 scale,VERSION4,Version 4 (2013-2019),2015,,1.8564608,,F,Free (free for publication),2,Two,A,Normal value,0,Units
DATAFLOW,OECD.ELS.JAI:DSD_EPL@DF_EPL(1.0),Strictness of employment protection,I,A,Annual,SVK,Slovak Republic,EPL_T,Temporary contracts,0_TO_6,0-6 scale,VERSION4,Version 4 (2013-2019),2015,,1.861111,,F,Free (free for publication),2,Two,A,Normal value,0,Units
DATAFLOW,OECD.ELS.JAI:DSD_EPL@DF_EPL(1.0),Strictness of employment protection,I,A,Annual,SVN,Slovenia,EPL_T,Temporary contracts,0_TO_6,0-6 scale,VERSION4,Version 4 (2013-2019),2015,,1.5059524,,F,Free (free for publication),2,Two,A,Normal value,0,Units
DATAFLOW,OECD.ELS.JAI:DSD_EPL@DF_EPL(1.0),Strictness of employment protection,I,A,Annual,ESP,Spain,EPL_T,Temporary contracts,0_TO_6,0-6 scale,VERSION4,Version 4 (2013-2019),2015,,2.3670635,,F,Free (free for publication),2,Two,A,Normal value,0,Units
DATAFLOW,OECD.ELS.JAI:DSD_EPL@DF_EPL(1.0),Strictness of employment protection,I,A,Annual,SWE,Sweden,EPL_T,Temporary contracts,0_TO_6,0-6 scale,VERSION4,Version 4 (2013-2019),2015,,1.1527778,,F,Free (free for publication),2,Two,A,Normal value,0,Units
DATAFLOW,OECD.ELS.JAI:DSD_EPL@DF_EPL(1.0),Strictness of employment protection,I,A,Annual,CHE,Switzerland,EPL_T,Temporary contracts,0_TO_6,0-6 scale,VERSION4,Version 4 (2013-2019),2015,,1.2043651,,F,Free (free for publication),2,Two,A,Normal value,0,Units
DATAFLOW,OECD.ELS.JAI:DSD_EPL@DF_EPL(1.0),Strictness of employment protection,I,A,Annual,TUR,Türkiye,EPL_T,Temporary contracts,0_TO_6,0-6 scale,VERSION4,Version 4 (2013-2019),2015,,3.5555556,,F,Free (free for publication),2,Two,A,Normal value,0,Units
DATAFLOW,OECD.ELS.JAI:DSD_EPL@DF_EPL(1.0),Strictness of employment protection,I,A,Annual,GBR,United Kingdom,EPL_T,Temporary contracts,0_TO_6,0-6 scale,VERSION4,Version 4 (2013-2019),2015,,0.40277776,,F,Free (free for publication),2,Two,A,Normal value,0,Units
DATAFLOW,OECD.ELS.JAI:DSD_EPL@DF_EPL(1.0),Strictness of employment protection,I,A,Annual,USA,United States,EPL_T,Temporary contracts,0_TO_6,0-6 scale,VERSION4,Version 4 (2013-2019),2015,,0.2638889,,F,Free (free for publication),2,Two,A,Normal value,0,Units
DATAFLOW,OECD.ELS.JAI:DSD_EPL@DF_EPL(1.0),Strictness of employment protection,I,A,Annual,AUS,Australia,EPL_T,Temporary contracts,0_TO_6,0-6 scale,VERSION4,Version 4 (2013-2019),2016,,0.94444442,,F,Free (free for publication),2,Two,A,Normal value,0,Units
DATAFLOW,OECD.ELS.JAI:DSD_EPL@DF_EPL(1.0),Strictness of employment protection,I,A,Annual,AUT,Austria,EPL_T,Temporary contracts,0_TO_6,0-6 scale,VERSION4,Version 4 (2013-2019),2016,,1.6944444,,F,Free (free for publication),2,Two,A,Normal value,0,Units
DATAFLOW,OECD.ELS.JAI:DSD_EPL@DF_EPL(1.0),Strictness of employment protection,I,A,Annual,BEL,Belgium,EPL_T,Temporary contracts,0_TO_6,0-6 scale,VERSION4,Version 4 (2013-2019),2016,,1.611111,,F,Free (free for publication),2,Two,A,Normal value,0,Units
DATAFLOW,OECD.ELS.JAI:DSD_EPL@DF_EPL(1.0),Strictness of employment protection,I,A,Annual,CAN,Canada,EPL_T,Temporary contracts,0_TO_6,0-6 scale,VERSION4,Version 4 (2013-2019),2016,,0.18166666,,F,Free (free for publication),2,Two,A,Normal value,0,Units
DATAFLOW,OECD.ELS.JAI:DSD_EPL@DF_EPL(1.0),Strictness of employment protection,I,A,Annual,CHL,Chile,EPL_T,Temporary contracts,0_TO_6,0-6 scale,VERSION4,Version 4 (2013-2019),2016,,1.861111,,F,Free (free for publication),2,Two,A,Normal value,0,Units
DATAFLOW,OECD.ELS.JAI:DSD_EPL@DF_EPL(1.0),Strictness of employment protection,I,A,Annual,COL,Colombia,EPL_T,Temporary contracts,0_TO_6,0-6 scale,VERSION4,Version 4 (2013-2019),2016,,1.5416666,,F,Free (free for publication),2,Two,A,Normal value,0,Units
DATAFLOW,OECD.ELS.JAI:DSD_EPL@DF_EPL(1.0),Strictness of employment protection,I,A,Annual,CZE,Czechia,EPL_T,Temporary contracts,0_TO_6,0-6 scale,VERSION4,Version 4 (2013-2019),2016,,1.6666666,,F,Free (free for publication),2,Two,A,Normal value,0,Units
DATAFLOW,OECD.ELS.JAI:DSD_EPL@DF_EPL(1.0),Strictness of employment protection,I,A,Annual,DNK,Denmark,EPL_T,Temporary contracts,0_TO_6,0-6 scale,VERSION4,Version 4 (2013-2019),2016,,1.5555556,,F,Free (free for publication),2,Two,A,Normal value,0,Units
DATAFLOW,OECD.ELS.JAI:DSD_EPL@DF_EPL(1.0),Strictness of employment protection,I,A,Annual,EST,Estonia,EPL_T,Temporary contracts,0_TO_6,0-6 scale,VERSION4,Version 4 (2013-2019),2016,,2.2777777,,F,Free (free for publication),2,Two,A,Normal value,0,Units
DATAFLOW,OECD.ELS.JAI:DSD_EPL@DF_EPL(1.0),Strictness of employment protection,I,A,Annual,FIN,Finland,EPL_T,Temporary contracts,0_TO_6,0-6 scale,VERSION4,Version 4 (2013-2019),2016,,1.4166666,,F,Free (free for publication),2,Two,A,Normal value,0,Units
DATAFLOW,OECD.ELS.JAI:DSD_EPL@DF_EPL(1.0),Strictness of employment protection,I,A,Annual,FRA,France,EPL_T,Temporary contracts,0_TO_6,0-6 scale,VERSION4,Version 4 (2013-2019),2016,,2.6785715,,F,Free (free for publication),2,Two,A,Normal value,0,Units
DATAFLOW,OECD.ELS.JAI:DSD_EPL@DF_EPL(1.0),Strictness of employment protection,I,A,Annual,DEU,Germany,EPL_T,Temporary contracts,0_TO_6,0-6 scale,VERSION4,Version 4 (2013-2019),2016,,1.25,,F,Free (free for publication),2,Two,A,Normal value,0,Units
DATAFLOW,OECD.ELS.JAI:DSD_EPL@DF_EPL(1.0),Strictness of employment protection,I,A,Annual,GRC,Greece,EPL_T,Temporary contracts,0_TO_6,0-6 scale,VERSION4,Version 4 (2013-2019),2016,,2.1944444,,F,Free (free for publication),2,Two,A,Normal value,0,Units
DATAFLOW,OECD.ELS.JAI:DSD_EPL@DF_EPL(1.0),Strictness of employment protection,I,A,Annual,HUN,Hungary,EPL_T,Temporary contracts,0_TO_6,0-6 scale,VERSION4,Version 4 (2013-2019),2016,,1.5833334,,F,Free (free for publication),2,Two,A,Normal value,0,Units
DATAFLOW,OECD.ELS.JAI:DSD_EPL@DF_EPL(1.0),Strictness of employment protection,I,A,Annual,ISL,Iceland,EPL_T,Temporary contracts,0_TO_6,0-6 scale,VERSION4,Version 4 (2013-2019),2016,,1.0694444,,F,Free (free for publication),2,Two,A,Normal value,0,Units
DATAFLOW,OECD.ELS.JAI:DSD_EPL@DF_EPL(1.0),Strictness of employment protection,I,A,Annual,IRL,Ireland,EPL_T,Temporary contracts,0_TO_6,0-6 scale,VERSION4,Version 4 (2013-2019),2016,,0.84722221,,F,Free (free for publication),2,Two,A,Normal value,0,Units
DATAFLOW,OECD.ELS.JAI:DSD_EPL@DF_EPL(1.0),Strictness of employment protection,I,A,Annual,ISR,Israel,EPL_T,Temporary contracts,0_TO_6,0-6 scale,VERSION4,Version 4 (2013-2019),2016,,1.0972222,,F,Free (free for publication),2,Two,A,Normal value,0,Units
DATAFLOW,OECD.ELS.JAI:DSD_EPL@DF_EPL(1.0),Strictness of employment protection,I,A,Annual,ITA,Italy,EPL_T,Temporary contracts,0_TO_6,0-6 scale,VERSION4,Version 4 (2013-2019),2016,,1.7222222,,F,Free (free for publication),2,Two,A,Normal value,0,Units
DATAFLOW,OECD.ELS.JAI:DSD_EPL@DF_EPL(1.0),Strictness of employment protection,I,A,Annual,JPN,Japan,EPL_T,Temporary contracts,0_TO_6,0-6 scale,VERSION4,Version 4 (2013-2019),2016,,1.0654762,,F,Free (free for publication),2,Two,A,Normal value,0,Units
DATAFLOW,OECD.ELS.JAI:DSD_EPL@DF_EPL(1.0),Strictness of employment protection,I,A,Annual,KOR,Korea,EPL_T,Temporary contracts,0_TO_6,0-6 scale,VERSION4,Version 4 (2013-2019),2016,,1.8346355,,F,Free (free for publication),2,Two,A,Normal value,0,Units
DATAFLOW,OECD.ELS.JAI:DSD_EPL@DF_EPL(1.0),Strictness of employment protection,I,A,Annual,LVA,Latvia,EPL_T,Temporary contracts,0_TO_6,0-6 scale,VERSION4,Version 4 (2013-2019),2016,,1.236111,,F,Free (free for publication),2,Two,A,Normal value,0,Units
DATAFLOW,OECD.ELS.JAI:DSD_EPL@DF_EPL(1.0),Strictness of employment protection,I,A,Annual,LTU,Lithuania,EPL_T,Temporary contracts,0_TO_6,0-6 scale,VERSION4,Version 4 (2013-2019),2016,,2.3888888,,F,Free (free for publication),2,Two,A,Normal value,0,Units
DATAFLOW,OECD.ELS.JAI:DSD_EPL@DF_EPL(1.0),Strictness of employment protection,I,A,Annual,LUX,Luxembourg,EPL_T,Temporary contracts,0_TO_6,0-6 scale,VERSION4,Version 4 (2013-2019),2016,,2.8055556,,F,Free (free for publication),2,Two,A,Normal value,0,Units
DATAFLOW,OECD.ELS.JAI:DSD_EPL@DF_EPL(1.0),Strictness of employment protection,I,A,Annual,MEX,Mexico,EPL_T,Temporary contracts,0_TO_6,0-6 scale,VERSION4,Version 4 (2013-2019),2016,,1.5694444,,F,Free (free for publication),2,Two,A,Normal value,0,Units
DATAFLOW,OECD.ELS.JAI:DSD_EPL@DF_EPL(1.0),Strictness of employment protection,I,A,Annual,NLD,Netherlands,EPL_T,Temporary contracts,0_TO_6,0-6 scale,VERSION4,Version 4 (2013-2019),2016,,1.2361112,,F,Free (free for publication),2,Two,A,Normal value,0,Units
DATAFLOW,OECD.ELS.JAI:DSD_EPL@DF_EPL(1.0),Strictness of employment protection,I,A,Annual,NZL,New Zealand,EPL_T,Temporary contracts,0_TO_6,0-6 scale,VERSION4,Version 4 (2013-2019),2016,,0.8611111,,F,Free (free for publication),2,Two,A,Normal value,0,Units
DATAFLOW,OECD.ELS.JAI:DSD_EPL@DF_EPL(1.0),Strictness of employment protection,I,A,Annual,NOR,Norway,EPL_T,Temporary contracts,0_TO_6,0-6 scale,VERSION4,Version 4 (2013-2019),2016,,2.1944444,,F,Free (free for publication),2,Two,A,Normal value,0,Units
DATAFLOW,OECD.ELS.JAI:DSD_EPL@DF_EPL(1.0),Strictness of employment protection,I,A,Annual,POL,Poland,EPL_T,Temporary contracts,0_TO_6,0-6 scale,VERSION4,Version 4 (2013-2019),2016,,1.7222222,,F,Free (free for publication),2,Two,A,Normal value,0,Units
DATAFLOW,OECD.ELS.JAI:DSD_EPL@DF_EPL(1.0),Strictness of employment protection,I,A,Annual,PRT,Portugal,EPL_T,Temporary contracts,0_TO_6,0-6 scale,VERSION4,Version 4 (2013-2019),2016,,1.9397942,,F,Free (free for publication),2,Two,A,Normal value,0,Units
DATAFLOW,OECD.ELS.JAI:DSD_EPL@DF_EPL(1.0),Strictness of employment protection,I,A,Annual,SVK,Slovak Republic,EPL_T,Temporary contracts,0_TO_6,0-6 scale,VERSION4,Version 4 (2013-2019),2016,,2.0833333,,F,Free (free for publication),2,Two,A,Normal value,0,Units
DATAFLOW,OECD.ELS.JAI:DSD_EPL@DF_EPL(1.0),Strictness of employment protection,I,A,Annual,SVN,Slovenia,EPL_T,Temporary contracts,0_TO_6,0-6 scale,VERSION4,Version 4 (2013-2019),2016,,1.5059524,,F,Free (free for publication),2,Two,A,Normal value,0,Units
DATAFLOW,OECD.ELS.JAI:DSD_EPL@DF_EPL(1.0),Strictness of employment protection,I,A,Annual,ESP,Spain,EPL_T,Temporary contracts,0_TO_6,0-6 scale,VERSION4,Version 4 (2013-2019),2016,,2.3670635,,F,Free (free for publication),2,Two,A,Normal value,0,Units
DATAFLOW,OECD.ELS.JAI:DSD_EPL@DF_EPL(1.0),Strictness of employment protection,I,A,Annual,SWE,Sweden,EPL_T,Temporary contracts,0_TO_6,0-6 scale,VERSION4,Version 4 (2013-2019),2016,,1.1527778,,F,Free (free for publication),2,Two,A,Normal value,0,Units
DATAFLOW,OECD.ELS.JAI:DSD_EPL@DF_EPL(1.0),Strictness of employment protection,I,A,Annual,CHE,Switzerland,EPL_T,Temporary contracts,0_TO_6,0-6 scale,VERSION4,Version 4 (2013-2019),2016,,1.2043651,,F,Free (free for publication),2,Two,A,Normal value,0,Units
DATAFLOW,OECD.ELS.JAI:DSD_EPL@DF_EPL(1.0),Strictness of employment protection,I,A,Annual,TUR,Türkiye,EPL_T,Temporary contracts,0_TO_6,0-6 scale,VERSION4,Version 4 (2013-2019),2016,,3.5555556,,F,Free (free for publication),2,Two,A,Normal value,0,Units
DATAFLOW,OECD.ELS.JAI:DSD_EPL@DF_EPL(1.0),Strictness of employment protection,I,A,Annual,GBR,United Kingdom,EPL_T,Temporary contracts,0_TO_6,0-6 scale,VERSION4,Version 4 (2013-2019),2016,,0.40277776,,F,Free (free for publication),2,Two,A,Normal value,0,Units
DATAFLOW,OECD.ELS.JAI:DSD_EPL@DF_EPL(1.0),Strictness of employment protection,I,A,Annual,USA,United States,EPL_T,Temporary contracts,0_TO_6,0-6 scale,VERSION4,Version 4 (2013-2019),2016,,0.2638889,,F,Free (free for publication),2,Two,A,Normal value,0,Units
DATAFLOW,OECD.ELS.JAI:DSD_EPL@DF_EPL(1.0),Strictness of employment protection,I,A,Annual,AUS,Australia,EPL_T,Temporary contracts,0_TO_6,0-6 scale,VERSION4,Version 4 (2013-2019),2017,,0.94444442,,F,Free (free for publication),2,Two,A,Normal value,0,Units
DATAFLOW,OECD.ELS.JAI:DSD_EPL@DF_EPL(1.0),Strictness of employment protection,I,A,Annual,AUT,Austria,EPL_T,Temporary contracts,0_TO_6,0-6 scale,VERSION4,Version 4 (2013-2019),2017,,1.6944444,,F,Free (free for publication),2,Two,A,Normal value,0,Units
DATAFLOW,OECD.ELS.JAI:DSD_EPL@DF_EPL(1.0),Strictness of employment protection,I,A,Annual,BEL,Belgium,EPL_T,Temporary contracts,0_TO_6,0-6 scale,VERSION4,Version 4 (2013-2019),2017,,1.611111,,F,Free (free for publication),2,Two,A,Normal value,0,Units
DATAFLOW,OECD.ELS.JAI:DSD_EPL@DF_EPL(1.0),Strictness of employment protection,I,A,Annual,CAN,Canada,EPL_T,Temporary contracts,0_TO_6,0-6 scale,VERSION4,Version 4 (2013-2019),2017,,0.18166666,,F,Free (free for publication),2,Two,A,Normal value,0,Units
DATAFLOW,OECD.ELS.JAI:DSD_EPL@DF_EPL(1.0),Strictness of employment protection,I,A,Annual,CHL,Chile,EPL_T,Temporary contracts,0_TO_6,0-6 scale,VERSION4,Version 4 (2013-2019),2017,,1.861111,,F,Free (free for publication),2,Two,A,Normal value,0,Units
DATAFLOW,OECD.ELS.JAI:DSD_EPL@DF_EPL(1.0),Strictness of employment protection,I,A,Annual,COL,Colombia,EPL_T,Temporary contracts,0_TO_6,0-6 scale,VERSION4,Version 4 (2013-2019),2017,,1.5416666,,F,Free (free for publication),2,Two,A,Normal value,0,Units
DATAFLOW,OECD.ELS.JAI:DSD_EPL@DF_EPL(1.0),Strictness of employment protection,I,A,Annual,CZE,Czechia,EPL_T,Temporary contracts,0_TO_6,0-6 scale,VERSION4,Version 4 (2013-2019),2017,,1.6666666,,F,Free (free for publication),2,Two,A,Normal value,0,Units
DATAFLOW,OECD.ELS.JAI:DSD_EPL@DF_EPL(1.0),Strictness of employment protection,I,A,Annual,DNK,Denmark,EPL_T,Temporary contracts,0_TO_6,0-6 scale,VERSION4,Version 4 (2013-2019),2017,,1.5555556,,F,Free (free for publication),2,Two,A,Normal value,0,Units
DATAFLOW,OECD.ELS.JAI:DSD_EPL@DF_EPL(1.0),Strictness of employment protection,I,A,Annual,EST,Estonia,EPL_T,Temporary contracts,0_TO_6,0-6 scale,VERSION4,Version 4 (2013-2019),2017,,2.2777777,,F,Free (free for publication),2,Two,A,Normal value,0,Units
DATAFLOW,OECD.ELS.JAI:DSD_EPL@DF_EPL(1.0),Strictness of employment protection,I,A,Annual,FIN,Finland,EPL_T,Temporary contracts,0_TO_6,0-6 scale,VERSION4,Version 4 (2013-2019),2017,,1.4166666,,F,Free (free for publication),2,Two,A,Normal value,0,Units
DATAFLOW,OECD.ELS.JAI:DSD_EPL@DF_EPL(1.0),Strictness of employment protection,I,A,Annual,FRA,France,EPL_T,Temporary contracts,0_TO_6,0-6 scale,VERSION4,Version 4 (2013-2019),2017,,2.6785715,,F,Free (free for publication),2,Two,A,Normal value,0,Units
DATAFLOW,OECD.ELS.JAI:DSD_EPL@DF_EPL(1.0),Strictness of employment protection,I,A,Annual,DEU,Germany,EPL_T,Temporary contracts,0_TO_6,0-6 scale,VERSION4,Version 4 (2013-2019),2017,,1.25,,F,Free (free for publication),2,Two,A,Normal value,0,Units
DATAFLOW,OECD.ELS.JAI:DSD_EPL@DF_EPL(1.0),Strictness of employment protection,I,A,Annual,GRC,Greece,EPL_T,Temporary contracts,0_TO_6,0-6 scale,VERSION4,Version 4 (2013-2019),2017,,2.1944444,,F,Free (free for publication),2,Two,A,Normal value,0,Units
DATAFLOW,OECD.ELS.JAI:DSD_EPL@DF_EPL(1.0),Strictness of employment protection,I,A,Annual,HUN,Hungary,EPL_T,Temporary contracts,0_TO_6,0-6 scale,VERSION4,Version 4 (2013-2019),2017,,1.5833334,,F,Free (free for publication),2,Two,A,Normal value,0,Units
DATAFLOW,OECD.ELS.JAI:DSD_EPL@DF_EPL(1.0),Strictness of employment protection,I,A,Annual,ISL,Iceland,EPL_T,Temporary contracts,0_TO_6,0-6 scale,VERSION4,Version 4 (2013-2019),2017,,1.0694444,,F,Free (free for publication),2,Two,A,Normal value,0,Units
DATAFLOW,OECD.ELS.JAI:DSD_EPL@DF_EPL(1.0),Strictness of employment protection,I,A,Annual,IRL,Ireland,EPL_T,Temporary contracts,0_TO_6,0-6 scale,VERSION4,Version 4 (2013-2019),2017,,0.84722221,,F,Free (free for publication),2,Two,A,Normal value,0,Units
DATAFLOW,OECD.ELS.JAI:DSD_EPL@DF_EPL(1.0),Strictness of employment protection,I,A,Annual,ISR,Israel,EPL_T,Temporary contracts,0_TO_6,0-6 scale,VERSION4,Version 4 (2013-2019),2017,,1.0972222,,F,Free (free for publication),2,Two,A,Normal value,0,Units
DATAFLOW,OECD.ELS.JAI:DSD_EPL@DF_EPL(1.0),Strictness of employment protection,I,A,Annual,ITA,Italy,EPL_T,Temporary contracts,0_TO_6,0-6 scale,VERSION4,Version 4 (2013-2019),2017,,1.7222222,,F,Free (free for publication),2,Two,A,Normal value,0,Units
DATAFLOW,OECD.ELS.JAI:DSD_EPL@DF_EPL(1.0),Strictness of employment protection,I,A,Annual,JPN,Japan,EPL_T,Temporary contracts,0_TO_6,0-6 scale,VERSION4,Version 4 (2013-2019),2017,,1.0654762,,F,Free (free for publication),2,Two,A,Normal value,0,Units
DATAFLOW,OECD.ELS.JAI:DSD_EPL@DF_EPL(1.0),Strictness of employment protection,I,A,Annual,KOR,Korea,EPL_T,Temporary contracts,0_TO_6,0-6 scale,VERSION4,Version 4 (2013-2019),2017,,1.8346355,,F,Free (free for publication),2,Two,A,Normal value,0,Units
DATAFLOW,OECD.ELS.JAI:DSD_EPL@DF_EPL(1.0),Strictness of employment protection,I,A,Annual,LVA,Latvia,EPL_T,Temporary contracts,0_TO_6,0-6 scale,VERSION4,Version 4 (2013-2019),2017,,1.236111,,F,Free (free for publication),2,Two,A,Normal value,0,Units
DATAFLOW,OECD.ELS.JAI:DSD_EPL@DF_EPL(1.0),Strictness of employment protection,I,A,Annual,LTU,Lithuania,EPL_T,Temporary contracts,0_TO_6,0-6 scale,VERSION4,Version 4 (2013-2019),2017,,2.3888888,,F,Free (free for publication),2,Two,A,Normal value,0,Units
DATAFLOW,OECD.ELS.JAI:DSD_EPL@DF_EPL(1.0),Strictness of employment protection,I,A,Annual,LUX,Luxembourg,EPL_T,Temporary contracts,0_TO_6,0-6 scale,VERSION4,Version 4 (2013-2019),2017,,2.8055556,,F,Free (free for publication),2,Two,A,Normal value,0,Units
DATAFLOW,OECD.ELS.JAI:DSD_EPL@DF_EPL(1.0),Strictness of employment protection,I,A,Annual,MEX,Mexico,EPL_T,Temporary contracts,0_TO_6,0-6 scale,VERSION4,Version 4 (2013-2019),2017,,1.5694444,,F,Free (free for publication),2,Two,A,Normal value,0,Units
DATAFLOW,OECD.ELS.JAI:DSD_EPL@DF_EPL(1.0),Strictness of employment protection,I,A,Annual,NLD,Netherlands,EPL_T,Temporary contracts,0_TO_6,0-6 scale,VERSION4,Version 4 (2013-2019),2017,,1.2361112,,F,Free (free for publication),2,Two,A,Normal value,0,Units
DATAFLOW,OECD.ELS.JAI:DSD_EPL@DF_EPL(1.0),Strictness of employment protection,I,A,Annual,NZL,New Zealand,EPL_T,Temporary contracts,0_TO_6,0-6 scale,VERSION4,Version 4 (2013-2019),2017,,0.8611111,,F,Free (free for publication),2,Two,A,Normal value,0,Units
DATAFLOW,OECD.ELS.JAI:DSD_EPL@DF_EPL(1.0),Strictness of employment protection,I,A,Annual,NOR,Norway,EPL_T,Temporary contracts,0_TO_6,0-6 scale,VERSION4,Version 4 (2013-2019),2017,,2.1944444,,F,Free (free for publication),2,Two,A,Normal value,0,Units
DATAFLOW,OECD.ELS.JAI:DSD_EPL@DF_EPL(1.0),Strictness of employment protection,I,A,Annual,POL,Poland,EPL_T,Temporary contracts,0_TO_6,0-6 scale,VERSION4,Version 4 (2013-2019),2017,,1.7222222,,F,Free (free for publication),2,Two,A,Normal value,0,Units
DATAFLOW,OECD.ELS.JAI:DSD_EPL@DF_EPL(1.0),Strictness of employment protection,I,A,Annual,PRT,Portugal,EPL_T,Temporary contracts,0_TO_6,0-6 scale,VERSION4,Version 4 (2013-2019),2017,,2.0231276,,F,Free (free for publication),2,Two,A,Normal value,0,Units
DATAFLOW,OECD.ELS.JAI:DSD_EPL@DF_EPL(1.0),Strictness of employment protection,I,A,Annual,SVK,Slovak Republic,EPL_T,Temporary contracts,0_TO_6,0-6 scale,VERSION4,Version 4 (2013-2019),2017,,2.0833333,,F,Free (free for publication),2,Two,A,Normal value,0,Units
DATAFLOW,OECD.ELS.JAI:DSD_EPL@DF_EPL(1.0),Strictness of employment protection,I,A,Annual,SVN,Slovenia,EPL_T,Temporary contracts,0_TO_6,0-6 scale,VERSION4,Version 4 (2013-2019),2017,,1.5059524,,F,Free (free for publication),2,Two,A,Normal value,0,Units
DATAFLOW,OECD.ELS.JAI:DSD_EPL@DF_EPL(1.0),Strictness of employment protection,I,A,Annual,ESP,Spain,EPL_T,Temporary contracts,0_TO_6,0-6 scale,VERSION4,Version 4 (2013-2019),2017,,2.3670635,,F,Free (free for publication),2,Two,A,Normal value,0,Units
DATAFLOW,OECD.ELS.JAI:DSD_EPL@DF_EPL(1.0),Strictness of employment protection,I,A,Annual,SWE,Sweden,EPL_T,Temporary contracts,0_TO_6,0-6 scale,VERSION4,Version 4 (2013-2019),2017,,1.1527778,,F,Free (free for publication),2,Two,A,Normal value,0,Units
DATAFLOW,OECD.ELS.JAI:DSD_EPL@DF_EPL(1.0),Strictness of employment protection,I,A,Annual,CHE,Switzerland,EPL_T,Temporary contracts,0_TO_6,0-6 scale,VERSION4,Version 4 (2013-2019),2017,,1.2043651,,F,Free (free for publication),2,Two,A,Normal value,0,Units
DATAFLOW,OECD.ELS.JAI:DSD_EPL@DF_EPL(1.0),Strictness of employment protection,I,A,Annual,TUR,Türkiye,EPL_T,Temporary contracts,0_TO_6,0-6 scale,VERSION4,Version 4 (2013-2019),2017,,3.25,,F,Free (free for publication),2,Two,A,Normal value,0,Units
DATAFLOW,OECD.ELS.JAI:DSD_EPL@DF_EPL(1.0),Strictness of employment protection,I,A,Annual,GBR,United Kingdom,EPL_T,Temporary contracts,0_TO_6,0-6 scale,VERSION4,Version 4 (2013-2019),2017,,0.40277776,,F,Free (free for publication),2,Two,A,Normal value,0,Units
DATAFLOW,OECD.ELS.JAI:DSD_EPL@DF_EPL(1.0),Strictness of employment protection,I,A,Annual,USA,United States,EPL_T,Temporary contracts,0_TO_6,0-6 scale,VERSION4,Version 4 (2013-2019),2017,,0.2638889,,F,Free (free for publication),2,Two,A,Normal value,0,Units
DATAFLOW,OECD.ELS.JAI:DSD_EPL@DF_EPL(1.0),Strictness of employment protection,I,A,Annual,AUS,Australia,EPL_T,Temporary contracts,0_TO_6,0-6 scale,VERSION4,Version 4 (2013-2019),2018,,0.94444442,,F,Free (free for publication),2,Two,A,Normal value,0,Units
DATAFLOW,OECD.ELS.JAI:DSD_EPL@DF_EPL(1.0),Strictness of employment protection,I,A,Annual,AUT,Austria,EPL_T,Temporary contracts,0_TO_6,0-6 scale,VERSION4,Version 4 (2013-2019),2018,,1.6944444,,F,Free (free for publication),2,Two,A,Normal value,0,Units
DATAFLOW,OECD.ELS.JAI:DSD_EPL@DF_EPL(1.0),Strictness of employment protection,I,A,Annual,BEL,Belgium,EPL_T,Temporary contracts,0_TO_6,0-6 scale,VERSION4,Version 4 (2013-2019),2018,,1.611111,,F,Free (free for publication),2,Two,A,Normal value,0,Units
DATAFLOW,OECD.ELS.JAI:DSD_EPL@DF_EPL(1.0),Strictness of employment protection,I,A,Annual,CAN,Canada,EPL_T,Temporary contracts,0_TO_6,0-6 scale,VERSION4,Version 4 (2013-2019),2018,,0.18166666,,F,Free (free for publication),2,Two,A,Normal value,0,Units
DATAFLOW,OECD.ELS.JAI:DSD_EPL@DF_EPL(1.0),Strictness of employment protection,I,A,Annual,CHL,Chile,EPL_T,Temporary contracts,0_TO_6,0-6 scale,VERSION4,Version 4 (2013-2019),2018,,1.861111,,F,Free (free for publication),2,Two,A,Normal value,0,Units
DATAFLOW,OECD.ELS.JAI:DSD_EPL@DF_EPL(1.0),Strictness of employment protection,I,A,Annual,COL,Colombia,EPL_T,Temporary contracts,0_TO_6,0-6 scale,VERSION4,Version 4 (2013-2019),2018,,1.5416666,,F,Free (free for publication),2,Two,A,Normal value,0,Units
DATAFLOW,OECD.ELS.JAI:DSD_EPL@DF_EPL(1.0),Strictness of employment protection,I,A,Annual,CZE,Czechia,EPL_T,Temporary contracts,0_TO_6,0-6 scale,VERSION4,Version 4 (2013-2019),2018,,1.6666666,,F,Free (free for publication),2,Two,A,Normal value,0,Units
DATAFLOW,OECD.ELS.JAI:DSD_EPL@DF_EPL(1.0),Strictness of employment protection,I,A,Annual,DNK,Denmark,EPL_T,Temporary contracts,0_TO_6,0-6 scale,VERSION4,Version 4 (2013-2019),2018,,1.5555556,,F,Free (free for publication),2,Two,A,Normal value,0,Units
DATAFLOW,OECD.ELS.JAI:DSD_EPL@DF_EPL(1.0),Strictness of employment protection,I,A,Annual,EST,Estonia,EPL_T,Temporary contracts,0_TO_6,0-6 scale,VERSION4,Version 4 (2013-2019),2018,,2.2777777,,F,Free (free for publication),2,Two,A,Normal value,0,Units
DATAFLOW,OECD.ELS.JAI:DSD_EPL@DF_EPL(1.0),Strictness of employment protection,I,A,Annual,FIN,Finland,EPL_T,Temporary contracts,0_TO_6,0-6 scale,VERSION4,Version 4 (2013-2019),2018,,1.4166666,,F,Free (free for publication),2,Two,A,Normal value,0,Units
DATAFLOW,OECD.ELS.JAI:DSD_EPL@DF_EPL(1.0),Strictness of employment protection,I,A,Annual,FRA,France,EPL_T,Temporary contracts,0_TO_6,0-6 scale,VERSION4,Version 4 (2013-2019),2018,,2.6785715,,F,Free (free for publication),2,Two,A,Normal value,0,Units
DATAFLOW,OECD.ELS.JAI:DSD_EPL@DF_EPL(1.0),Strictness of employment protection,I,A,Annual,DEU,Germany,EPL_T,Temporary contracts,0_TO_6,0-6 scale,VERSION4,Version 4 (2013-2019),2018,,1.361111,,F,Free (free for publication),2,Two,A,Normal value,0,Units
DATAFLOW,OECD.ELS.JAI:DSD_EPL@DF_EPL(1.0),Strictness of employment protection,I,A,Annual,GRC,Greece,EPL_T,Temporary contracts,0_TO_6,0-6 scale,VERSION4,Version 4 (2013-2019),2018,,2.1944444,,F,Free (free for publication),2,Two,A,Normal value,0,Units
DATAFLOW,OECD.ELS.JAI:DSD_EPL@DF_EPL(1.0),Strictness of employment protection,I,A,Annual,HUN,Hungary,EPL_T,Temporary contracts,0_TO_6,0-6 scale,VERSION4,Version 4 (2013-2019),2018,,1.5833334,,F,Free (free for publication),2,Two,A,Normal value,0,Units
DATAFLOW,OECD.ELS.JAI:DSD_EPL@DF_EPL(1.0),Strictness of employment protection,I,A,Annual,ISL,Iceland,EPL_T,Temporary contracts,0_TO_6,0-6 scale,VERSION4,Version 4 (2013-2019),2018,,1.0694444,,F,Free (free for publication),2,Two,A,Normal value,0,Units
DATAFLOW,OECD.ELS.JAI:DSD_EPL@DF_EPL(1.0),Strictness of employment protection,I,A,Annual,IRL,Ireland,EPL_T,Temporary contracts,0_TO_6,0-6 scale,VERSION4,Version 4 (2013-2019),2018,,0.84722221,,F,Free (free for publication),2,Two,A,Normal value,0,Units
DATAFLOW,OECD.ELS.JAI:DSD_EPL@DF_EPL(1.0),Strictness of employment protection,I,A,Annual,ISR,Israel,EPL_T,Temporary contracts,0_TO_6,0-6 scale,VERSION4,Version 4 (2013-2019),2018,,1.0972222,,F,Free (free for publication),2,Two,A,Normal value,0,Units
DATAFLOW,OECD.ELS.JAI:DSD_EPL@DF_EPL(1.0),Strictness of employment protection,I,A,Annual,ITA,Italy,EPL_T,Temporary contracts,0_TO_6,0-6 scale,VERSION4,Version 4 (2013-2019),2018,,1.7222222,,F,Free (free for publication),2,Two,A,Normal value,0,Units
DATAFLOW,OECD.ELS.JAI:DSD_EPL@DF_EPL(1.0),Strictness of employment protection,I,A,Annual,JPN,Japan,EPL_T,Temporary contracts,0_TO_6,0-6 scale,VERSION4,Version 4 (2013-2019),2018,,1.0654762,,F,Free (free for publication),2,Two,A,Normal value,0,Units
DATAFLOW,OECD.ELS.JAI:DSD_EPL@DF_EPL(1.0),Strictness of employment protection,I,A,Annual,KOR,Korea,EPL_T,Temporary contracts,0_TO_6,0-6 scale,VERSION4,Version 4 (2013-2019),2018,,1.8346355,,F,Free (free for publication),2,Two,A,Normal value,0,Units
DATAFLOW,OECD.ELS.JAI:DSD_EPL@DF_EPL(1.0),Strictness of employment protection,I,A,Annual,LVA,Latvia,EPL_T,Temporary contracts,0_TO_6,0-6 scale,VERSION4,Version 4 (2013-2019),2018,,1.236111,,F,Free (free for publication),2,Two,A,Normal value,0,Units
DATAFLOW,OECD.ELS.JAI:DSD_EPL@DF_EPL(1.0),Strictness of employment protection,I,A,Annual,LTU,Lithuania,EPL_T,Temporary contracts,0_TO_6,0-6 scale,VERSION4,Version 4 (2013-2019),2018,,1.4305556,,F,Free (free for publication),2,Two,A,Normal value,0,Units
DATAFLOW,OECD.ELS.JAI:DSD_EPL@DF_EPL(1.0),Strictness of employment protection,I,A,Annual,LUX,Luxembourg,EPL_T,Temporary contracts,0_TO_6,0-6 scale,VERSION4,Version 4 (2013-2019),2018,,2.8055556,,F,Free (free for publication),2,Two,A,Normal value,0,Units
DATAFLOW,OECD.ELS.JAI:DSD_EPL@DF_EPL(1.0),Strictness of employment protection,I,A,Annual,MEX,Mexico,EPL_T,Temporary contracts,0_TO_6,0-6 scale,VERSION4,Version 4 (2013-2019),2018,,1.5694444,,F,Free (free for publication),2,Two,A,Normal value,0,Units
DATAFLOW,OECD.ELS.JAI:DSD_EPL@DF_EPL(1.0),Strictness of employment protection,I,A,Annual,NLD,Netherlands,EPL_T,Temporary contracts,0_TO_6,0-6 scale,VERSION4,Version 4 (2013-2019),2018,,1.2361112,,F,Free (free for publication),2,Two,A,Normal value,0,Units
DATAFLOW,OECD.ELS.JAI:DSD_EPL@DF_EPL(1.0),Strictness of employment protection,I,A,Annual,NZL,New Zealand,EPL_T,Temporary contracts,0_TO_6,0-6 scale,VERSION4,Version 4 (2013-2019),2018,,0.8611111,,F,Free (free for publication),2,Two,A,Normal value,0,Units
DATAFLOW,OECD.ELS.JAI:DSD_EPL@DF_EPL(1.0),Strictness of employment protection,I,A,Annual,NOR,Norway,EPL_T,Temporary contracts,0_TO_6,0-6 scale,VERSION4,Version 4 (2013-2019),2018,,2.1944444,,F,Free (free for publication),2,Two,A,Normal value,0,Units
DATAFLOW,OECD.ELS.JAI:DSD_EPL@DF_EPL(1.0),Strictness of employment protection,I,A,Annual,POL,Poland,EPL_T,Temporary contracts,0_TO_6,0-6 scale,VERSION4,Version 4 (2013-2019),2018,,1.7222222,,F,Free (free for publication),2,Two,A,Normal value,0,Units
DATAFLOW,OECD.ELS.JAI:DSD_EPL@DF_EPL(1.0),Strictness of employment protection,I,A,Annual,PRT,Portugal,EPL_T,Temporary contracts,0_TO_6,0-6 scale,VERSION4,Version 4 (2013-2019),2018,,2.0231276,,F,Free (free for publication),2,Two,A,Normal value,0,Units
DATAFLOW,OECD.ELS.JAI:DSD_EPL@DF_EPL(1.0),Strictness of employment protection,I,A,Annual,SVK,Slovak Republic,EPL_T,Temporary contracts,0_TO_6,0-6 scale,VERSION4,Version 4 (2013-2019),2018,,2.0833333,,F,Free (free for publication),2,Two,A,Normal value,0,Units
DATAFLOW,OECD.ELS.JAI:DSD_EPL@DF_EPL(1.0),Strictness of employment protection,I,A,Annual,SVN,Slovenia,EPL_T,Temporary contracts,0_TO_6,0-6 scale,VERSION4,Version 4 (2013-2019),2018,,1.5059524,,F,Free (free for publication),2,Two,A,Normal value,0,Units
DATAFLOW,OECD.ELS.JAI:DSD_EPL@DF_EPL(1.0),Strictness of employment protection,I,A,Annual,ESP,Spain,EPL_T,Temporary contracts,0_TO_6,0-6 scale,VERSION4,Version 4 (2013-2019),2018,,2.3670635,,F,Free (free for publication),2,Two,A,Normal value,0,Units
DATAFLOW,OECD.ELS.JAI:DSD_EPL@DF_EPL(1.0),Strictness of employment protection,I,A,Annual,SWE,Sweden,EPL_T,Temporary contracts,0_TO_6,0-6 scale,VERSION4,Version 4 (2013-2019),2018,,1.1527778,,F,Free (free for publication),2,Two,A,Normal value,0,Units
DATAFLOW,OECD.ELS.JAI:DSD_EPL@DF_EPL(1.0),Strictness of employment protection,I,A,Annual,CHE,Switzerland,EPL_T,Temporary contracts,0_TO_6,0-6 scale,VERSION4,Version 4 (2013-2019),2018,,1.2043651,,F,Free (free for publication),2,Two,A,Normal value,0,Units
DATAFLOW,OECD.ELS.JAI:DSD_EPL@DF_EPL(1.0),Strictness of employment protection,I,A,Annual,TUR,Türkiye,EPL_T,Temporary contracts,0_TO_6,0-6 scale,VERSION4,Version 4 (2013-2019),2018,,3.25,,F,Free (free for publication),2,Two,A,Normal value,0,Units
DATAFLOW,OECD.ELS.JAI:DSD_EPL@DF_EPL(1.0),Strictness of employment protection,I,A,Annual,GBR,United Kingdom,EPL_T,Temporary contracts,0_TO_6,0-6 scale,VERSION4,Version 4 (2013-2019),2018,,0.40277776,,F,Free (free for publication),2,Two,A,Normal value,0,Units
DATAFLOW,OECD.ELS.JAI:DSD_EPL@DF_EPL(1.0),Strictness of employment protection,I,A,Annual,USA,United States,EPL_T,Temporary contracts,0_TO_6,0-6 scale,VERSION4,Version 4 (2013-2019),2018,,0.2638889,,F,Free (free for publication),2,Two,A,Normal value,0,Units
DATAFLOW,OECD.ELS.JAI:DSD_EPL@DF_EPL(1.0),Strictness of employment protection,I,A,Annual,AUS,Australia,EPL_T,Temporary contracts,0_TO_6,0-6 scale,VERSION4,Version 4 (2013-2019),2019,,0.94444442,,F,Free (free for publication),2,Two,A,Normal value,0,Units
DATAFLOW,OECD.ELS.JAI:DSD_EPL@DF_EPL(1.0),Strictness of employment protection,I,A,Annual,AUT,Austria,EPL_T,Temporary contracts,0_TO_6,0-6 scale,VERSION4,Version 4 (2013-2019),2019,,1.6944444,,F,Free (free for publication),2,Two,A,Normal value,0,Units
DATAFLOW,OECD.ELS.JAI:DSD_EPL@DF_EPL(1.0),Strictness of employment protection,I,A,Annual,BEL,Belgium,EPL_T,Temporary contracts,0_TO_6,0-6 scale,VERSION4,Version 4 (2013-2019),2019,,1.611111,,F,Free (free for publication),2,Two,A,Normal value,0,Units
DATAFLOW,OECD.ELS.JAI:DSD_EPL@DF_EPL(1.0),Strictness of employment protection,I,A,Annual,CAN,Canada,EPL_T,Temporary contracts,0_TO_6,0-6 scale,VERSION4,Version 4 (2013-2019),2019,,0.22833334,,F,Free (free for publication),2,Two,A,Normal value,0,Units
DATAFLOW,OECD.ELS.JAI:DSD_EPL@DF_EPL(1.0),Strictness of employment protection,I,A,Annual,CHL,Chile,EPL_T,Temporary contracts,0_TO_6,0-6 scale,VERSION4,Version 4 (2013-2019),2019,,1.861111,,F,Free (free for publication),2,Two,A,Normal value,0,Units
DATAFLOW,OECD.ELS.JAI:DSD_EPL@DF_EPL(1.0),Strictness of employment protection,I,A,Annual,COL,Colombia,EPL_T,Temporary contracts,0_TO_6,0-6 scale,VERSION4,Version 4 (2013-2019),2019,,1.5416666,,F,Free (free for publication),2,Two,A,Normal value,0,Units
DATAFLOW,OECD.ELS.JAI:DSD_EPL@DF_EPL(1.0),Strictness of employment protection,I,A,Annual,CRI,Costa Rica,EPL_T,Temporary contracts,0_TO_6,0-6 scale,VERSION4,Version 4 (2013-2019),2019,,2.2222223,,F,Free (free for publication),2,Two,A,Normal value,0,Units
DATAFLOW,OECD.ELS.JAI:DSD_EPL@DF_EPL(1.0),Strictness of employment protection,I,A,Annual,CZE,Czechia,EPL_T,Temporary contracts,0_TO_6,0-6 scale,VERSION4,Version 4 (2013-2019),2019,,1.6666666,,F,Free (free for publication),2,Two,A,Normal value,0,Units
DATAFLOW,OECD.ELS.JAI:DSD_EPL@DF_EPL(1.0),Strictness of employment protection,I,A,Annual,DNK,Denmark,EPL_T,Temporary contracts,0_TO_6,0-6 scale,VERSION4,Version 4 (2013-2019),2019,,1.5555556,,F,Free (free for publication),2,Two,A,Normal value,0,Units
DATAFLOW,OECD.ELS.JAI:DSD_EPL@DF_EPL(1.0),Strictness of employment protection,I,A,Annual,EST,Estonia,EPL_T,Temporary contracts,0_TO_6,0-6 scale,VERSION4,Version 4 (2013-2019),2019,,2.2777777,,F,Free (free for publication),2,Two,A,Normal value,0,Units
DATAFLOW,OECD.ELS.JAI:DSD_EPL@DF_EPL(1.0),Strictness of employment protection,I,A,Annual,FIN,Finland,EPL_T,Temporary contracts,0_TO_6,0-6 scale,VERSION4,Version 4 (2013-2019),2019,,1.4166666,,F,Free (free for publication),2,Two,A,Normal value,0,Units
DATAFLOW,OECD.ELS.JAI:DSD_EPL@DF_EPL(1.0),Strictness of employment protection,I,A,Annual,FRA,France,EPL_T,Temporary contracts,0_TO_6,0-6 scale,VERSION4,Version 4 (2013-2019),2019,,2.6785715,,F,Free (free for publication),2,Two,A,Normal value,0,Units
DATAFLOW,OECD.ELS.JAI:DSD_EPL@DF_EPL(1.0),Strictness of employment protection,I,A,Annual,DEU,Germany,EPL_T,Temporary contracts,0_TO_6,0-6 scale,VERSION4,Version 4 (2013-2019),2019,,1.361111,,F,Free (free for publication),2,Two,A,Normal value,0,Units
DATAFLOW,OECD.ELS.JAI:DSD_EPL@DF_EPL(1.0),Strictness of employment protection,I,A,Annual,GRC,Greece,EPL_T,Temporary contracts,0_TO_6,0-6 scale,VERSION4,Version 4 (2013-2019),2019,,2.1944444,,F,Free (free for publication),2,Two,A,Normal value,0,Units
DATAFLOW,OECD.ELS.JAI:DSD_EPL@DF_EPL(1.0),Strictness of employment protection,I,A,Annual,HUN,Hungary,EPL_T,Temporary contracts,0_TO_6,0-6 scale,VERSION4,Version 4 (2013-2019),2019,,1.5833334,,F,Free (free for publication),2,Two,A,Normal value,0,Units
DATAFLOW,OECD.ELS.JAI:DSD_EPL@DF_EPL(1.0),Strictness of employment protection,I,A,Annual,ISL,Iceland,EPL_T,Temporary contracts,0_TO_6,0-6 scale,VERSION4,Version 4 (2013-2019),2019,,1.0694444,,F,Free (free for publication),2,Two,A,Normal value,0,Units
DATAFLOW,OECD.ELS.JAI:DSD_EPL@DF_EPL(1.0),Strictness of employment protection,I,A,Annual,IRL,Ireland,EPL_T,Temporary contracts,0_TO_6,0-6 scale,VERSION4,Version 4 (2013-2019),2019,,0.84722221,,F,Free (free for publication),2,Two,A,Normal value,0,Units
DATAFLOW,OECD.ELS.JAI:DSD_EPL@DF_EPL(1.0),Strictness of employment protection,I,A,Annual,ISR,Israel,EPL_T,Temporary contracts,0_TO_6,0-6 scale,VERSION4,Version 4 (2013-2019),2019,,1.0972222,,F,Free (free for publication),2,Two,A,Normal value,0,Units
DATAFLOW,OECD.ELS.JAI:DSD_EPL@DF_EPL(1.0),Strictness of employment protection,I,A,Annual,ITA,Italy,EPL_T,Temporary contracts,0_TO_6,0-6 scale,VERSION4,Version 4 (2013-2019),2019,,1.9583334,,F,Free (free for publication),2,Two,A,Normal value,0,Units
DATAFLOW,OECD.ELS.JAI:DSD_EPL@DF_EPL(1.0),Strictness of employment protection,I,A,Annual,JPN,Japan,EPL_T,Temporary contracts,0_TO_6,0-6 scale,VERSION4,Version 4 (2013-2019),2019,,1.0654762,,F,Free (free for publication),2,Two,A,Normal value,0,Units
DATAFLOW,OECD.ELS.JAI:DSD_EPL@DF_EPL(1.0),Strictness of employment protection,I,A,Annual,KOR,Korea,EPL_T,Temporary contracts,0_TO_6,0-6 scale,VERSION4,Version 4 (2013-2019),2019,,1.8346355,,F,Free (free for publication),2,Two,A,Normal value,0,Units
DATAFLOW,OECD.ELS.JAI:DSD_EPL@DF_EPL(1.0),Strictness of employment protection,I,A,Annual,LVA,Latvia,EPL_T,Temporary contracts,0_TO_6,0-6 scale,VERSION4,Version 4 (2013-2019),2019,,1.236111,,F,Free (free for publication),2,Two,A,Normal value,0,Units
DATAFLOW,OECD.ELS.JAI:DSD_EPL@DF_EPL(1.0),Strictness of employment protection,I,A,Annual,LTU,Lithuania,EPL_T,Temporary contracts,0_TO_6,0-6 scale,VERSION4,Version 4 (2013-2019),2019,,1.4305556,,F,Free (free for publication),2,Two,A,Normal value,0,Units
DATAFLOW,OECD.ELS.JAI:DSD_EPL@DF_EPL(1.0),Strictness of employment protection,I,A,Annual,LUX,Luxembourg,EPL_T,Temporary contracts,0_TO_6,0-6 scale,VERSION4,Version 4 (2013-2019),2019,,2.8055556,,F,Free (free for publication),2,Two,A,Normal value,0,Units
DATAFLOW,OECD.ELS.JAI:DSD_EPL@DF_EPL(1.0),Strictness of employment protection,I,A,Annual,MEX,Mexico,EPL_T,Temporary contracts,0_TO_6,0-6 scale,VERSION4,Version 4 (2013-2019),2019,,1.5694444,,F,Free (free for publication),2,Two,A,Normal value,0,Units
DATAFLOW,OECD.ELS.JAI:DSD_EPL@DF_EPL(1.0),Strictness of employment protection,I,A,Annual,NLD,Netherlands,EPL_T,Temporary contracts,0_TO_6,0-6 scale,VERSION4,Version 4 (2013-2019),2019,,1.2361112,,F,Free (free for publication),2,Two,A,Normal value,0,Units
DATAFLOW,OECD.ELS.JAI:DSD_EPL@DF_EPL(1.0),Strictness of employment protection,I,A,Annual,NZL,New Zealand,EPL_T,Temporary contracts,0_TO_6,0-6 scale,VERSION4,Version 4 (2013-2019),2019,,0.8611111,,F,Free (free for publication),2,Two,A,Normal value,0,Units
DATAFLOW,OECD.ELS.JAI:DSD_EPL@DF_EPL(1.0),Strictness of employment protection,I,A,Annual,NOR,Norway,EPL_T,Temporary contracts,0_TO_6,0-6 scale,VERSION4,Version 4 (2013-2019),2019,,2.2777777,,F,Free (free for publication),2,Two,A,Normal value,0,Units
DATAFLOW,OECD.ELS.JAI:DSD_EPL@DF_EPL(1.0),Strictness of employment protection,I,A,Annual,POL,Poland,EPL_T,Temporary contracts,0_TO_6,0-6 scale,VERSION4,Version 4 (2013-2019),2019,,1.7222222,,F,Free (free for publication),2,Two,A,Normal value,0,Units
DATAFLOW,OECD.ELS.JAI:DSD_EPL@DF_EPL(1.0),Strictness of employment protection,I,A,Annual,PRT,Portugal,EPL_T,Temporary contracts,0_TO_6,0-6 scale,VERSION4,Version 4 (2013-2019),2019,,2.0231276,,F,Free (free for publication),2,Two,A,Normal value,0,Units
DATAFLOW,OECD.ELS.JAI:DSD_EPL@DF_EPL(1.0),Strictness of employment protection,I,A,Annual,SVK,Slovak Republic,EPL_T,Temporary contracts,0_TO_6,0-6 scale,VERSION4,Version 4 (2013-2019),2019,,2.0833333,,F,Free (free for publication),2,Two,A,Normal value,0,Units
DATAFLOW,OECD.ELS.JAI:DSD_EPL@DF_EPL(1.0),Strictness of employment protection,I,A,Annual,SVN,Slovenia,EPL_T,Temporary contracts,0_TO_6,0-6 scale,VERSION4,Version 4 (2013-2019),2019,,1.5059524,,F,Free (free for publication),2,Two,A,Normal value,0,Units
DATAFLOW,OECD.ELS.JAI:DSD_EPL@DF_EPL(1.0),Strictness of employment protection,I,A,Annual,ESP,Spain,EPL_T,Temporary contracts,0_TO_6,0-6 scale,VERSION4,Version 4 (2013-2019),2019,,2.3670635,,F,Free (free for publication),2,Two,A,Normal value,0,Units
DATAFLOW,OECD.ELS.JAI:DSD_EPL@DF_EPL(1.0),Strictness of employment protection,I,A,Annual,SWE,Sweden,EPL_T,Temporary contracts,0_TO_6,0-6 scale,VERSION4,Version 4 (2013-2019),2019,,1.1527778,,F,Free (free for publication),2,Two,A,Normal value,0,Units
DATAFLOW,OECD.ELS.JAI:DSD_EPL@DF_EPL(1.0),Strictness of employment protection,I,A,Annual,CHE,Switzerland,EPL_T,Temporary contracts,0_TO_6,0-6 scale,VERSION4,Version 4 (2013-2019),2019,,1.2043651,,F,Free (free for publication),2,Two,A,Normal value,0,Units
DATAFLOW,OECD.ELS.JAI:DSD_EPL@DF_EPL(1.0),Strictness of employment protection,I,A,Annual,TUR,Türkiye,EPL_T,Temporary contracts,0_TO_6,0-6 scale,VERSION4,Version 4 (2013-2019),2019,,3.25,,F,Free (free for publication),2,Two,A,Normal value,0,Units
DATAFLOW,OECD.ELS.JAI:DSD_EPL@DF_EPL(1.0),Strictness of employment protection,I,A,Annual,GBR,United Kingdom,EPL_T,Temporary contracts,0_TO_6,0-6 scale,VERSION4,Version 4 (2013-2019),2019,,0.40277776,,F,Free (free for publication),2,Two,A,Normal value,0,Units
DATAFLOW,OECD.ELS.JAI:DSD_EPL@DF_EPL(1.0),Strictness of employment protection,I,A,Annual,USA,United States,EPL_T,Temporary contracts,0_TO_6,0-6 scale,VERSION4,Version 4 (2013-2019),2019,,0.2638889,,F,Free (free for publication),2,Two,A,Normal value,0,Units
DATAFLOW,OECD.ELS.JAI:DSD_EPL@DF_EPL(1.0),Strictness of employment protection,I,A,Annual,OECD,OECD,EPL_T,Temporary contracts,0_TO_6,0-6 scale,VERSION4,Version 4 (2013-2019),2019,,1.5816308,,F,Free (free for publication),2,Two,A,Normal value,0,Units
DATAFLOW,OECD.ELS.JAI:DSD_EPL@DF_EPL(1.0),Strictness of employment protection,I,A,Annual,AUS,Australia,EPL_T,Temporary contracts,0_TO_6,0-6 scale,VERSION4,Version 4 (2013-2019),2020,,0.94444442,,F,Free (free for publication),2,Two,A,Normal value,0,Units
DATAFLOW,OECD.ELS.JAI:DSD_EPL@DF_EPL(1.0),Strictness of employment protection,I,A,Annual,AUT,Austria,EPL_T,Temporary contracts,0_TO_6,0-6 scale,VERSION4,Version 4 (2013-2019),2020,,1.6944444,,F,Free (free for publication),2,Two,A,Normal value,0,Units
DATAFLOW,OECD.ELS.JAI:DSD_EPL@DF_EPL(1.0),Strictness of employment protection,I,A,Annual,BEL,Belgium,EPL_T,Temporary contracts,0_TO_6,0-6 scale,VERSION4,Version 4 (2013-2019),2020,,1.611111,,F,Free (free for publication),2,Two,A,Normal value,0,Units
DATAFLOW,OECD.ELS.JAI:DSD_EPL@DF_EPL(1.0),Strictness of employment protection,I,A,Annual,CAN,Canada,EPL_T,Temporary contracts,0_TO_6,0-6 scale,VERSION4,Version 4 (2013-2019),2020,,0.22833334,,F,Free (free for publication),2,Two,A,Normal value,0,Units
DATAFLOW,OECD.ELS.JAI:DSD_EPL@DF_EPL(1.0),Strictness of employment protection,I,A,Annual,CHL,Chile,EPL_T,Temporary contracts,0_TO_6,0-6 scale,VERSION4,Version 4 (2013-2019),2020,,1.861111,,F,Free (free for publication),2,Two,A,Normal value,0,Units
DATAFLOW,OECD.ELS.JAI:DSD_EPL@DF_EPL(1.0),Strictness of employment protection,I,A,Annual,COL,Colombia,EPL_T,Temporary contracts,0_TO_6,0-6 scale,VERSION4,Version 4 (2013-2019),2020,,1.5416666,,F,Free (free for publication),2,Two,A,Normal value,0,Units
DATAFLOW,OECD.ELS.JAI:DSD_EPL@DF_EPL(1.0),Strictness of employment protection,I,A,Annual,CRI,Costa Rica,EPL_T,Temporary contracts,0_TO_6,0-6 scale,VERSION4,Version 4 (2013-2019),2020,,2.2222223,,F,Free (free for publication),2,Two,A,Normal value,0,Units
DATAFLOW,OECD.ELS.JAI:DSD_EPL@DF_EPL(1.0),Strictness of employment protection,I,A,Annual,CZE,Czechia,EPL_T,Temporary contracts,0_TO_6,0-6 scale,VERSION4,Version 4 (2013-2019),2020,,1.6666666,,F,Free (free for publication),2,Two,A,Normal value,0,Units
DATAFLOW,OECD.ELS.JAI:DSD_EPL@DF_EPL(1.0),Strictness of employment protection,I,A,Annual,DNK,Denmark,EPL_T,Temporary contracts,0_TO_6,0-6 scale,VERSION4,Version 4 (2013-2019),2020,,1.5555556,,F,Free (free for publication),2,Two,A,Normal value,0,Units
DATAFLOW,OECD.ELS.JAI:DSD_EPL@DF_EPL(1.0),Strictness of employment protection,I,A,Annual,EST,Estonia,EPL_T,Temporary contracts,0_TO_6,0-6 scale,VERSION4,Version 4 (2013-2019),2020,,2.2777777,,F,Free (free for publication),2,Two,A,Normal value,0,Units
DATAFLOW,OECD.ELS.JAI:DSD_EPL@DF_EPL(1.0),Strictness of employment protection,I,A,Annual,FIN,Finland,EPL_T,Temporary contracts,0_TO_6,0-6 scale,VERSION4,Version 4 (2013-2019),2020,,1.4166666,,F,Free (free for publication),2,Two,A,Normal value,0,Units
DATAFLOW,OECD.ELS.JAI:DSD_EPL@DF_EPL(1.0),Strictness of employment protection,I,A,Annual,FRA,France,EPL_T,Temporary contracts,0_TO_6,0-6 scale,VERSION4,Version 4 (2013-2019),2020,,2.6785715,,F,Free (free for publication),2,Two,A,Normal value,0,Units
DATAFLOW,OECD.ELS.JAI:DSD_EPL@DF_EPL(1.0),Strictness of employment protection,I,A,Annual,DEU,Germany,EPL_T,Temporary contracts,0_TO_6,0-6 scale,VERSION4,Version 4 (2013-2019),2020,,1.361111,,F,Free (free for publication),2,Two,A,Normal value,0,Units
DATAFLOW,OECD.ELS.JAI:DSD_EPL@DF_EPL(1.0),Strictness of employment protection,I,A,Annual,GRC,Greece,EPL_T,Temporary contracts,0_TO_6,0-6 scale,VERSION4,Version 4 (2013-2019),2020,,2.1944444,,F,Free (free for publication),2,Two,A,Normal value,0,Units
DATAFLOW,OECD.ELS.JAI:DSD_EPL@DF_EPL(1.0),Strictness of employment protection,I,A,Annual,HUN,Hungary,EPL_T,Temporary contracts,0_TO_6,0-6 scale,VERSION4,Version 4 (2013-2019),2020,,1.5833334,,F,Free (free for publication),2,Two,A,Normal value,0,Units
DATAFLOW,OECD.ELS.JAI:DSD_EPL@DF_EPL(1.0),Strictness of employment protection,I,A,Annual,ISL,Iceland,EPL_T,Temporary contracts,0_TO_6,0-6 scale,VERSION4,Version 4 (2013-2019),2020,,1.0694444,,F,Free (free for publication),2,Two,A,Normal value,0,Units
DATAFLOW,OECD.ELS.JAI:DSD_EPL@DF_EPL(1.0),Strictness of employment protection,I,A,Annual,IRL,Ireland,EPL_T,Temporary contracts,0_TO_6,0-6 scale,VERSION4,Version 4 (2013-2019),2020,,0.84722221,,F,Free (free for publication),2,Two,A,Normal value,0,Units
DATAFLOW,OECD.ELS.JAI:DSD_EPL@DF_EPL(1.0),Strictness of employment protection,I,A,Annual,ISR,Israel,EPL_T,Temporary contracts,0_TO_6,0-6 scale,VERSION4,Version 4 (2013-2019),2020,,1.0972222,,F,Free (free for publication),2,Two,A,Normal value,0,Units
DATAFLOW,OECD.ELS.JAI:DSD_EPL@DF_EPL(1.0),Strictness of employment protection,I,A,Annual,ITA,Italy,EPL_T,Temporary contracts,0_TO_6,0-6 scale,VERSION4,Version 4 (2013-2019),2020,,1.9583334,,F,Free (free for publication),2,Two,A,Normal value,0,Units
DATAFLOW,OECD.ELS.JAI:DSD_EPL@DF_EPL(1.0),Strictness of employment protection,I,A,Annual,JPN,Japan,EPL_T,Temporary contracts,0_TO_6,0-6 scale,VERSION4,Version 4 (2013-2019),2020,,1.0654762,,F,Free (free for publication),2,Two,A,Normal value,0,Units
DATAFLOW,OECD.ELS.JAI:DSD_EPL@DF_EPL(1.0),Strictness of employment protection,I,A,Annual,KOR,Korea,EPL_T,Temporary contracts,0_TO_6,0-6 scale,VERSION4,Version 4 (2013-2019),2020,,1.8346355,,F,Free (free for publication),2,Two,A,Normal value,0,Units
DATAFLOW,OECD.ELS.JAI:DSD_EPL@DF_EPL(1.0),Strictness of employment protection,I,A,Annual,LVA,Latvia,EPL_T,Temporary contracts,0_TO_6,0-6 scale,VERSION4,Version 4 (2013-2019),2020,,1.236111,,F,Free (free for publication),2,Two,A,Normal value,0,Units
DATAFLOW,OECD.ELS.JAI:DSD_EPL@DF_EPL(1.0),Strictness of employment protection,I,A,Annual,LTU,Lithuania,EPL_T,Temporary contracts,0_TO_6,0-6 scale,VERSION4,Version 4 (2013-2019),2020,,1.4305556,,F,Free (free for publication),2,Two,A,Normal value,0,Units
DATAFLOW,OECD.ELS.JAI:DSD_EPL@DF_EPL(1.0),Strictness of employment protection,I,A,Annual,LUX,Luxembourg,EPL_T,Temporary contracts,0_TO_6,0-6 scale,VERSION4,Version 4 (2013-2019),2020,,2.8055556,,F,Free (free for publication),2,Two,A,Normal value,0,Units
DATAFLOW,OECD.ELS.JAI:DSD_EPL@DF_EPL(1.0),Strictness of employment protection,I,A,Annual,MEX,Mexico,EPL_T,Temporary contracts,0_TO_6,0-6 scale,VERSION4,Version 4 (2013-2019),2020,,1.5694444,,F,Free (free for publication),2,Two,A,Normal value,0,Units
DATAFLOW,OECD.ELS.JAI:DSD_EPL@DF_EPL(1.0),Strictness of employment protection,I,A,Annual,NLD,Netherlands,EPL_T,Temporary contracts,0_TO_6,0-6 scale,VERSION4,Version 4 (2013-2019),2020,,1.1170635,,F,Free (free for publication),2,Two,A,Normal value,0,Units
DATAFLOW,OECD.ELS.JAI:DSD_EPL@DF_EPL(1.0),Strictness of employment protection,I,A,Annual,NZL,New Zealand,EPL_T,Temporary contracts,0_TO_6,0-6 scale,VERSION4,Version 4 (2013-2019),2020,,0.8611111,,F,Free (free for publication),2,Two,A,Normal value,0,Units
DATAFLOW,OECD.ELS.JAI:DSD_EPL@DF_EPL(1.0),Strictness of employment protection,I,A,Annual,NOR,Norway,EPL_T,Temporary contracts,0_TO_6,0-6 scale,VERSION4,Version 4 (2013-2019),2020,,2.2777777,,F,Free (free for publication),2,Two,A,Normal value,0,Units
DATAFLOW,OECD.ELS.JAI:DSD_EPL@DF_EPL(1.0),Strictness of employment protection,I,A,Annual,POL,Poland,EPL_T,Temporary contracts,0_TO_6,0-6 scale,VERSION4,Version 4 (2013-2019),2020,,1.7222222,,F,Free (free for publication),2,Two,A,Normal value,0,Units
DATAFLOW,OECD.ELS.JAI:DSD_EPL@DF_EPL(1.0),Strictness of employment protection,I,A,Annual,PRT,Portugal,EPL_T,Temporary contracts,0_TO_6,0-6 scale,VERSION4,Version 4 (2013-2019),2020,,2.2314608,,F,Free (free for publication),2,Two,A,Normal value,0,Units
DATAFLOW,OECD.ELS.JAI:DSD_EPL@DF_EPL(1.0),Strictness of employment protection,I,A,Annual,SVK,Slovak Republic,EPL_T,Temporary contracts,0_TO_6,0-6 scale,VERSION4,Version 4 (2013-2019),2020,,2.0833333,,F,Free (free for publication),2,Two,A,Normal value,0,Units
DATAFLOW,OECD.ELS.JAI:DSD_EPL@DF_EPL(1.0),Strictness of employment protection,I,A,Annual,SVN,Slovenia,EPL_T,Temporary contracts,0_TO_6,0-6 scale,VERSION4,Version 4 (2013-2019),2020,,1.5059524,,F,Free (free for publication),2,Two,A,Normal value,0,Units
DATAFLOW,OECD.ELS.JAI:DSD_EPL@DF_EPL(1.0),Strictness of employment protection,I,A,Annual,ESP,Spain,EPL_T,Temporary contracts,0_TO_6,0-6 scale,VERSION4,Version 4 (2013-2019),2020,,2.3670635,,F,Free (free for publication),2,Two,A,Normal value,0,Units
DATAFLOW,OECD.ELS.JAI:DSD_EPL@DF_EPL(1.0),Strictness of employment protection,I,A,Annual,SWE,Sweden,EPL_T,Temporary contracts,0_TO_6,0-6 scale,VERSION4,Version 4 (2013-2019),2020,,1.1527778,,F,Free (free for publication),2,Two,A,Normal value,0,Units
DATAFLOW,OECD.ELS.JAI:DSD_EPL@DF_EPL(1.0),Strictness of employment protection,I,A,Annual,CHE,Switzerland,EPL_T,Temporary contracts,0_TO_6,0-6 scale,VERSION4,Version 4 (2013-2019),2020,,1.2043651,,F,Free (free for publication),2,Two,A,Normal value,0,Units
DATAFLOW,OECD.ELS.JAI:DSD_EPL@DF_EPL(1.0),Strictness of employment protection,I,A,Annual,TUR,Türkiye,EPL_T,Temporary contracts,0_TO_6,0-6 scale,VERSION4,Version 4 (2013-2019),2020,,3.25,,F,Free (free for publication),2,Two,A,Normal value,0,Units
DATAFLOW,OECD.ELS.JAI:DSD_EPL@DF_EPL(1.0),Strictness of employment protection,I,A,Annual,GBR,United Kingdom,EPL_T,Temporary contracts,0_TO_6,0-6 scale,VERSION4,Version 4 (2013-2019),2020,,0.40277776,,F,Free (free for publication),2,Two,A,Normal value,0,Units
DATAFLOW,OECD.ELS.JAI:DSD_EPL@DF_EPL(1.0),Strictness of employment protection,I,A,Annual,USA,United States,EPL_T,Temporary contracts,0_TO_6,0-6 scale,VERSION4,Version 4 (2013-2019),2020,,0.2638889,,F,Free (free for publication),2,Two,A,Normal value,0,Units
DATAFLOW,OECD.ELS.JAI:DSD_EPL@DF_EPL(1.0),Strictness of employment protection,I,A,Annual,OECD,OECD,EPL_T,Temporary contracts,0_TO_6,0-6 scale,VERSION4,Version 4 (2013-2019),2020,,1.5839804,,F,Free (free for publication),2,Two,A,Normal value,0,Units
DATAFLOW,OECD.ELS.JAI:DSD_EPL@DF_EPL(1.0),Strictness of employment protection,I,A,Annual,AUS,Australia,EPL_T,Temporary contracts,0_TO_6,0-6 scale,VERSION4,Version 4 (2013-2019),2021,,0.94444442,,F,Free (free for publication),2,Two,A,Normal value,0,Units
DATAFLOW,OECD.ELS.JAI:DSD_EPL@DF_EPL(1.0),Strictness of employment protection,I,A,Annual,AUT,Austria,EPL_T,Temporary contracts,0_TO_6,0-6 scale,VERSION4,Version 4 (2013-2019),2021,,1.6944444,,F,Free (free for publication),2,Two,A,Normal value,0,Units
DATAFLOW,OECD.ELS.JAI:DSD_EPL@DF_EPL(1.0),Strictness of employment protection,I,A,Annual,BEL,Belgium,EPL_T,Temporary contracts,0_TO_6,0-6 scale,VERSION4,Version 4 (2013-2019),2021,,1.611111,,F,Free (free for publication),2,Two,A,Normal value,0,Units
DATAFLOW,OECD.ELS.JAI:DSD_EPL@DF_EPL(1.0),Strictness of employment protection,I,A,Annual,CAN,Canada,EPL_T,Temporary contracts,0_TO_6,0-6 scale,VERSION4,Version 4 (2013-2019),2021,,0.22833334,,F,Free (free for publication),2,Two,A,Normal value,0,Units
DATAFLOW,OECD.ELS.JAI:DSD_EPL@DF_EPL(1.0),Strictness of employment protection,I,A,Annual,CHL,Chile,EPL_T,Temporary contracts,0_TO_6,0-6 scale,VERSION4,Version 4 (2013-2019),2021,,1.861111,,F,Free (free for publication),2,Two,A,Normal value,0,Units
DATAFLOW,OECD.ELS.JAI:DSD_EPL@DF_EPL(1.0),Strictness of employment protection,I,A,Annual,COL,Colombia,EPL_T,Temporary contracts,0_TO_6,0-6 scale,VERSION4,Version 4 (2013-2019),2021,,1.5416666,,F,Free (free for publication),2,Two,A,Normal value,0,Units
DATAFLOW,OECD.ELS.JAI:DSD_EPL@DF_EPL(1.0),Strictness of employment protection,I,A,Annual,CRI,Costa Rica,EPL_T,Temporary contracts,0_TO_6,0-6 scale,VERSION4,Version 4 (2013-2019),2021,,2.2222223,,F,Free (free for publication),2,Two,A,Normal value,0,Units
DATAFLOW,OECD.ELS.JAI:DSD_EPL@DF_EPL(1.0),Strictness of employment protection,I,A,Annual,CZE,Czechia,EPL_T,Temporary contracts,0_TO_6,0-6 scale,VERSION4,Version 4 (2013-2019),2021,,1.6666666,,F,Free (free for publication),2,Two,A,Normal value,0,Units
DATAFLOW,OECD.ELS.JAI:DSD_EPL@DF_EPL(1.0),Strictness of employment protection,I,A,Annual,DNK,Denmark,EPL_T,Temporary contracts,0_TO_6,0-6 scale,VERSION4,Version 4 (2013-2019),2021,,1.5555556,,F,Free (free for publication),2,Two,A,Normal value,0,Units
DATAFLOW,OECD.ELS.JAI:DSD_EPL@DF_EPL(1.0),Strictness of employment protection,I,A,Annual,EST,Estonia,EPL_T,Temporary contracts,0_TO_6,0-6 scale,VERSION4,Version 4 (2013-2019),2021,,2.2777777,,F,Free (free for publication),2,Two,A,Normal value,0,Units
DATAFLOW,OECD.ELS.JAI:DSD_EPL@DF_EPL(1.0),Strictness of employment protection,I,A,Annual,FIN,Finland,EPL_T,Temporary contracts,0_TO_6,0-6 scale,VERSION4,Version 4 (2013-2019),2021,,1.4166666,,F,Free (free for publication),2,Two,A,Normal value,0,Units
DATAFLOW,OECD.ELS.JAI:DSD_EPL@DF_EPL(1.0),Strictness of employment protection,I,A,Annual,FRA,France,EPL_T,Temporary contracts,0_TO_6,0-6 scale,VERSION4,Version 4 (2013-2019),2021,,2.6785715,,F,Free (free for publication),2,Two,A,Normal value,0,Units
DATAFLOW,OECD.ELS.JAI:DSD_EPL@DF_EPL(1.0),Strictness of employment protection,I,A,Annual,DEU,Germany,EPL_T,Temporary contracts,0_TO_6,0-6 scale,VERSION4,Version 4 (2013-2019),2021,,1.361111,,F,Free (free for publication),2,Two,A,Normal value,0,Units
DATAFLOW,OECD.ELS.JAI:DSD_EPL@DF_EPL(1.0),Strictness of employment protection,I,A,Annual,GRC,Greece,EPL_T,Temporary contracts,0_TO_6,0-6 scale,VERSION4,Version 4 (2013-2019),2021,,2.1944444,,F,Free (free for publication),2,Two,A,Normal value,0,Units
DATAFLOW,OECD.ELS.JAI:DSD_EPL@DF_EPL(1.0),Strictness of employment protection,I,A,Annual,HUN,Hungary,EPL_T,Temporary contracts,0_TO_6,0-6 scale,VERSION4,Version 4 (2013-2019),2021,,1.5833334,,F,Free (free for publication),2,Two,A,Normal value,0,Units
DATAFLOW,OECD.ELS.JAI:DSD_EPL@DF_EPL(1.0),Strictness of employment protection,I,A,Annual,ISL,Iceland,EPL_T,Temporary contracts,0_TO_6,0-6 scale,VERSION4,Version 4 (2013-2019),2021,,1.0694444,,F,Free (free for publication),2,Two,A,Normal value,0,Units
DATAFLOW,OECD.ELS.JAI:DSD_EPL@DF_EPL(1.0),Strictness of employment protection,I,A,Annual,IRL,Ireland,EPL_T,Temporary contracts,0_TO_6,0-6 scale,VERSION4,Version 4 (2013-2019),2021,,0.84722221,,F,Free (free for publication),2,Two,A,Normal value,0,Units
DATAFLOW,OECD.ELS.JAI:DSD_EPL@DF_EPL(1.0),Strictness of employment protection,I,A,Annual,ISR,Israel,EPL_T,Temporary contracts,0_TO_6,0-6 scale,VERSION4,Version 4 (2013-2019),2021,,1.0972222,,F,Free (free for publication),2,Two,A,Normal value,0,Units
DATAFLOW,OECD.ELS.JAI:DSD_EPL@DF_EPL(1.0),Strictness of employment protection,I,A,Annual,ITA,Italy,EPL_T,Temporary contracts,0_TO_6,0-6 scale,VERSION4,Version 4 (2013-2019),2021,,1.9583334,,F,Free (free for publication),2,Two,A,Normal value,0,Units
DATAFLOW,OECD.ELS.JAI:DSD_EPL@DF_EPL(1.0),Strictness of employment protection,I,A,Annual,JPN,Japan,EPL_T,Temporary contracts,0_TO_6,0-6 scale,VERSION4,Version 4 (2013-2019),2021,,1.3154762,,F,Free (free for publication),2,Two,A,Normal value,0,Units
DATAFLOW,OECD.ELS.JAI:DSD_EPL@DF_EPL(1.0),Strictness of employment protection,I,A,Annual,KOR,Korea,EPL_T,Temporary contracts,0_TO_6,0-6 scale,VERSION4,Version 4 (2013-2019),2021,,1.8346355,,F,Free (free for publication),2,Two,A,Normal value,0,Units
DATAFLOW,OECD.ELS.JAI:DSD_EPL@DF_EPL(1.0),Strictness of employment protection,I,A,Annual,LVA,Latvia,EPL_T,Temporary contracts,0_TO_6,0-6 scale,VERSION4,Version 4 (2013-2019),2021,,1.236111,,F,Free (free for publication),2,Two,A,Normal value,0,Units
DATAFLOW,OECD.ELS.JAI:DSD_EPL@DF_EPL(1.0),Strictness of employment protection,I,A,Annual,LTU,Lithuania,EPL_T,Temporary contracts,0_TO_6,0-6 scale,VERSION4,Version 4 (2013-2019),2021,,1.4305556,,F,Free (free for publication),2,Two,A,Normal value,0,Units
DATAFLOW,OECD.ELS.JAI:DSD_EPL@DF_EPL(1.0),Strictness of employment protection,I,A,Annual,LUX,Luxembourg,EPL_T,Temporary contracts,0_TO_6,0-6 scale,VERSION4,Version 4 (2013-2019),2021,,2.8055556,,F,Free (free for publication),2,Two,A,Normal value,0,Units
DATAFLOW,OECD.ELS.JAI:DSD_EPL@DF_EPL(1.0),Strictness of employment protection,I,A,Annual,MEX,Mexico,EPL_T,Temporary contracts,0_TO_6,0-6 scale,VERSION4,Version 4 (2013-2019),2021,,1.5694444,,F,Free (free for publication),2,Two,A,Normal value,0,Units
DATAFLOW,OECD.ELS.JAI:DSD_EPL@DF_EPL(1.0),Strictness of employment protection,I,A,Annual,NLD,Netherlands,EPL_T,Temporary contracts,0_TO_6,0-6 scale,VERSION4,Version 4 (2013-2019),2021,,1.1170635,,F,Free (free for publication),2,Two,A,Normal value,0,Units
DATAFLOW,OECD.ELS.JAI:DSD_EPL@DF_EPL(1.0),Strictness of employment protection,I,A,Annual,NZL,New Zealand,EPL_T,Temporary contracts,0_TO_6,0-6 scale,VERSION4,Version 4 (2013-2019),2021,,0.8611111,,F,Free (free for publication),2,Two,A,Normal value,0,Units
DATAFLOW,OECD.ELS.JAI:DSD_EPL@DF_EPL(1.0),Strictness of employment protection,I,A,Annual,NOR,Norway,EPL_T,Temporary contracts,0_TO_6,0-6 scale,VERSION4,Version 4 (2013-2019),2021,,2.2777777,,F,Free (free for publication),2,Two,A,Normal value,0,Units
DATAFLOW,OECD.ELS.JAI:DSD_EPL@DF_EPL(1.0),Strictness of employment protection,I,A,Annual,POL,Poland,EPL_T,Temporary contracts,0_TO_6,0-6 scale,VERSION4,Version 4 (2013-2019),2021,,1.7222222,,F,Free (free for publication),2,Two,A,Normal value,0,Units
DATAFLOW,OECD.ELS.JAI:DSD_EPL@DF_EPL(1.0),Strictness of employment protection,I,A,Annual,PRT,Portugal,EPL_T,Temporary contracts,0_TO_6,0-6 scale,VERSION4,Version 4 (2013-2019),2021,,2.2314608,,F,Free (free for publication),2,Two,A,Normal value,0,Units
DATAFLOW,OECD.ELS.JAI:DSD_EPL@DF_EPL(1.0),Strictness of employment protection,I,A,Annual,SVK,Slovak Republic,EPL_T,Temporary contracts,0_TO_6,0-6 scale,VERSION4,Version 4 (2013-2019),2021,,2.0833333,,F,Free (free for publication),2,Two,A,Normal value,0,Units
DATAFLOW,OECD.ELS.JAI:DSD_EPL@DF_EPL(1.0),Strictness of employment protection,I,A,Annual,SVN,Slovenia,EPL_T,Temporary contracts,0_TO_6,0-6 scale,VERSION4,Version 4 (2013-2019),2021,,1.5059524,,F,Free (free for publication),2,Two,A,Normal value,0,Units
DATAFLOW,OECD.ELS.JAI:DSD_EPL@DF_EPL(1.0),Strictness of employment protection,I,A,Annual,ESP,Spain,EPL_T,Temporary contracts,0_TO_6,0-6 scale,VERSION4,Version 4 (2013-2019),2021,,2.3670635,,F,Free (free for publication),2,Two,A,Normal value,0,Units
DATAFLOW,OECD.ELS.JAI:DSD_EPL@DF_EPL(1.0),Strictness of employment protection,I,A,Annual,SWE,Sweden,EPL_T,Temporary contracts,0_TO_6,0-6 scale,VERSION4,Version 4 (2013-2019),2021,,1.1527778,,F,Free (free for publication),2,Two,A,Normal value,0,Units
DATAFLOW,OECD.ELS.JAI:DSD_EPL@DF_EPL(1.0),Strictness of employment protection,I,A,Annual,CHE,Switzerland,EPL_T,Temporary contracts,0_TO_6,0-6 scale,VERSION4,Version 4 (2013-2019),2021,,1.2043651,,F,Free (free for publication),2,Two,A,Normal value,0,Units
DATAFLOW,OECD.ELS.JAI:DSD_EPL@DF_EPL(1.0),Strictness of employment protection,I,A,Annual,TUR,Türkiye,EPL_T,Temporary contracts,0_TO_6,0-6 scale,VERSION4,Version 4 (2013-2019),2021,,3.25,,F,Free (free for publication),2,Two,A,Normal value,0,Units
DATAFLOW,OECD.ELS.JAI:DSD_EPL@DF_EPL(1.0),Strictness of employment protection,I,A,Annual,GBR,United Kingdom,EPL_T,Temporary contracts,0_TO_6,0-6 scale,VERSION4,Version 4 (2013-2019),2021,,0.40277776,,F,Free (free for publication),2,Two,A,Normal value,0,Units
DATAFLOW,OECD.ELS.JAI:DSD_EPL@DF_EPL(1.0),Strictness of employment protection,I,A,Annual,USA,United States,EPL_T,Temporary contracts,0_TO_6,0-6 scale,VERSION4,Version 4 (2013-2019),2021,,0.2638889,,F,Free (free for publication),2,Two,A,Normal value,0,Units
DATAFLOW,OECD.ELS.JAI:DSD_EPL@DF_EPL(1.0),Strictness of employment protection,I,A,Annual,OECD,OECD,EPL_T,Temporary contracts,0_TO_6,0-6 scale,VERSION4,Version 4 (2013-2019),2021,,1.5905593,,F,Free (free for publication),2,Two,A,Normal value,0,Units
DATAFLOW,OECD.ELS.JAI:DSD_EPL@DF_EPL(1.0),Strictness of employment protection,I,A,Annual,AUS,Australia,EPL_T,Temporary contracts,0_TO_6,0-6 scale,VERSION4,Version 4 (2013-2019),2022,,0.94444442,,F,Free (free for publication),2,Two,A,Normal value,0,Units
DATAFLOW,OECD.ELS.JAI:DSD_EPL@DF_EPL(1.0),Strictness of employment protection,I,A,Annual,AUT,Austria,EPL_T,Temporary contracts,0_TO_6,0-6 scale,VERSION4,Version 4 (2013-2019),2022,,1.6944444,,F,Free (free for publication),2,Two,A,Normal value,0,Units
DATAFLOW,OECD.ELS.JAI:DSD_EPL@DF_EPL(1.0),Strictness of employment protection,I,A,Annual,BEL,Belgium,EPL_T,Temporary contracts,0_TO_6,0-6 scale,VERSION4,Version 4 (2013-2019),2022,,1.611111,,F,Free (free for publication),2,Two,A,Normal value,0,Units
DATAFLOW,OECD.ELS.JAI:DSD_EPL@DF_EPL(1.0),Strictness of employment protection,I,A,Annual,CAN,Canada,EPL_T,Temporary contracts,0_TO_6,0-6 scale,VERSION4,Version 4 (2013-2019),2022,,0.22833334,,F,Free (free for publication),2,Two,A,Normal value,0,Units
DATAFLOW,OECD.ELS.JAI:DSD_EPL@DF_EPL(1.0),Strictness of employment protection,I,A,Annual,CHL,Chile,EPL_T,Temporary contracts,0_TO_6,0-6 scale,VERSION4,Version 4 (2013-2019),2022,,1.861111,,F,Free (free for publication),2,Two,A,Normal value,0,Units
DATAFLOW,OECD.ELS.JAI:DSD_EPL@DF_EPL(1.0),Strictness of employment protection,I,A,Annual,COL,Colombia,EPL_T,Temporary contracts,0_TO_6,0-6 scale,VERSION4,Version 4 (2013-2019),2022,,1.5416666,,F,Free (free for publication),2,Two,A,Normal value,0,Units
DATAFLOW,OECD.ELS.JAI:DSD_EPL@DF_EPL(1.0),Strictness of employment protection,I,A,Annual,CRI,Costa Rica,EPL_T,Temporary contracts,0_TO_6,0-6 scale,VERSION4,Version 4 (2013-2019),2022,,2.2222223,,F,Free (free for publication),2,Two,A,Normal value,0,Units
DATAFLOW,OECD.ELS.JAI:DSD_EPL@DF_EPL(1.0),Strictness of employment protection,I,A,Annual,CZE,Czechia,EPL_T,Temporary contracts,0_TO_6,0-6 scale,VERSION4,Version 4 (2013-2019),2022,,1.6666666,,F,Free (free for publication),2,Two,A,Normal value,0,Units
DATAFLOW,OECD.ELS.JAI:DSD_EPL@DF_EPL(1.0),Strictness of employment protection,I,A,Annual,DNK,Denmark,EPL_T,Temporary contracts,0_TO_6,0-6 scale,VERSION4,Version 4 (2013-2019),2022,,1.5555556,,F,Free (free for publication),2,Two,A,Normal value,0,Units
DATAFLOW,OECD.ELS.JAI:DSD_EPL@DF_EPL(1.0),Strictness of employment protection,I,A,Annual,EST,Estonia,EPL_T,Temporary contracts,0_TO_6,0-6 scale,VERSION4,Version 4 (2013-2019),2022,,2.2777777,,F,Free (free for publication),2,Two,A,Normal value,0,Units
DATAFLOW,OECD.ELS.JAI:DSD_EPL@DF_EPL(1.0),Strictness of employment protection,I,A,Annual,FIN,Finland,EPL_T,Temporary contracts,0_TO_6,0-6 scale,VERSION4,Version 4 (2013-2019),2022,,1.4166666,,F,Free (free for publication),2,Two,A,Normal value,0,Units
DATAFLOW,OECD.ELS.JAI:DSD_EPL@DF_EPL(1.0),Strictness of employment protection,I,A,Annual,FRA,France,EPL_T,Temporary contracts,0_TO_6,0-6 scale,VERSION4,Version 4 (2013-2019),2022,,2.6785715,,F,Free (free for publication),2,Two,A,Normal value,0,Units
DATAFLOW,OECD.ELS.JAI:DSD_EPL@DF_EPL(1.0),Strictness of employment protection,I,A,Annual,DEU,Germany,EPL_T,Temporary contracts,0_TO_6,0-6 scale,VERSION4,Version 4 (2013-2019),2022,,1.361111,,F,Free (free for publication),2,Two,A,Normal value,0,Units
DATAFLOW,OECD.ELS.JAI:DSD_EPL@DF_EPL(1.0),Strictness of employment protection,I,A,Annual,GRC,Greece,EPL_T,Temporary contracts,0_TO_6,0-6 scale,VERSION4,Version 4 (2013-2019),2022,,2.1944444,,F,Free (free for publication),2,Two,A,Normal value,0,Units
DATAFLOW,OECD.ELS.JAI:DSD_EPL@DF_EPL(1.0),Strictness of employment protection,I,A,Annual,HUN,Hungary,EPL_T,Temporary contracts,0_TO_6,0-6 scale,VERSION4,Version 4 (2013-2019),2022,,1.5833334,,F,Free (free for publication),2,Two,A,Normal value,0,Units
DATAFLOW,OECD.ELS.JAI:DSD_EPL@DF_EPL(1.0),Strictness of employment protection,I,A,Annual,ISL,Iceland,EPL_T,Temporary contracts,0_TO_6,0-6 scale,VERSION4,Version 4 (2013-2019),2022,,1.0694444,,F,Free (free for publication),2,Two,A,Normal value,0,Units
DATAFLOW,OECD.ELS.JAI:DSD_EPL@DF_EPL(1.0),Strictness of employment protection,I,A,Annual,IRL,Ireland,EPL_T,Temporary contracts,0_TO_6,0-6 scale,VERSION4,Version 4 (2013-2019),2022,,0.84722221,,F,Free (free for publication),2,Two,A,Normal value,0,Units
DATAFLOW,OECD.ELS.JAI:DSD_EPL@DF_EPL(1.0),Strictness of employment protection,I,A,Annual,ISR,Israel,EPL_T,Temporary contracts,0_TO_6,0-6 scale,VERSION4,Version 4 (2013-2019),2022,,1.0972222,,F,Free (free for publication),2,Two,A,Normal value,0,Units
DATAFLOW,OECD.ELS.JAI:DSD_EPL@DF_EPL(1.0),Strictness of employment protection,I,A,Annual,ITA,Italy,EPL_T,Temporary contracts,0_TO_6,0-6 scale,VERSION4,Version 4 (2013-2019),2022,,1.9583334,,F,Free (free for publication),2,Two,A,Normal value,0,Units
DATAFLOW,OECD.ELS.JAI:DSD_EPL@DF_EPL(1.0),Strictness of employment protection,I,A,Annual,JPN,Japan,EPL_T,Temporary contracts,0_TO_6,0-6 scale,VERSION4,Version 4 (2013-2019),2022,,1.3154762,,F,Free (free for publication),2,Two,A,Normal value,0,Units
DATAFLOW,OECD.ELS.JAI:DSD_EPL@DF_EPL(1.0),Strictness of employment protection,I,A,Annual,KOR,Korea,EPL_T,Temporary contracts,0_TO_6,0-6 scale,VERSION4,Version 4 (2013-2019),2022,,1.8346355,,F,Free (free for publication),2,Two,A,Normal value,0,Units
DATAFLOW,OECD.ELS.JAI:DSD_EPL@DF_EPL(1.0),Strictness of employment protection,I,A,Annual,LVA,Latvia,EPL_T,Temporary contracts,0_TO_6,0-6 scale,VERSION4,Version 4 (2013-2019),2022,,1.236111,,F,Free (free for publication),2,Two,A,Normal value,0,Units
DATAFLOW,OECD.ELS.JAI:DSD_EPL@DF_EPL(1.0),Strictness of employment protection,I,A,Annual,LTU,Lithuania,EPL_T,Temporary contracts,0_TO_6,0-6 scale,VERSION4,Version 4 (2013-2019),2022,,1.4305556,,F,Free (free for publication),2,Two,A,Normal value,0,Units
DATAFLOW,OECD.ELS.JAI:DSD_EPL@DF_EPL(1.0),Strictness of employment protection,I,A,Annual,LUX,Luxembourg,EPL_T,Temporary contracts,0_TO_6,0-6 scale,VERSION4,Version 4 (2013-2019),2022,,2.8055556,,F,Free (free for publication),2,Two,A,Normal value,0,Units
DATAFLOW,OECD.ELS.JAI:DSD_EPL@DF_EPL(1.0),Strictness of employment protection,I,A,Annual,MEX,Mexico,EPL_T,Temporary contracts,0_TO_6,0-6 scale,VERSION4,Version 4 (2013-2019),2022,,1.5694444,,F,Free (free for publication),2,Two,A,Normal value,0,Units
DATAFLOW,OECD.ELS.JAI:DSD_EPL@DF_EPL(1.0),Strictness of employment protection,I,A,Annual,NLD,Netherlands,EPL_T,Temporary contracts,0_TO_6,0-6 scale,VERSION4,Version 4 (2013-2019),2022,,1.1170635,,F,Free (free for publication),2,Two,A,Normal value,0,Units
DATAFLOW,OECD.ELS.JAI:DSD_EPL@DF_EPL(1.0),Strictness of employment protection,I,A,Annual,NZL,New Zealand,EPL_T,Temporary contracts,0_TO_6,0-6 scale,VERSION4,Version 4 (2013-2019),2022,,0.8611111,,F,Free (free for publication),2,Two,A,Normal value,0,Units
DATAFLOW,OECD.ELS.JAI:DSD_EPL@DF_EPL(1.0),Strictness of employment protection,I,A,Annual,NOR,Norway,EPL_T,Temporary contracts,0_TO_6,0-6 scale,VERSION4,Version 4 (2013-2019),2022,,2.2777777,,F,Free (free for publication),2,Two,A,Normal value,0,Units
DATAFLOW,OECD.ELS.JAI:DSD_EPL@DF_EPL(1.0),Strictness of employment protection,I,A,Annual,POL,Poland,EPL_T,Temporary contracts,0_TO_6,0-6 scale,VERSION4,Version 4 (2013-2019),2022,,1.7222222,,F,Free (free for publication),2,Two,A,Normal value,0,Units
DATAFLOW,OECD.ELS.JAI:DSD_EPL@DF_EPL(1.0),Strictness of employment protection,I,A,Annual,PRT,Portugal,EPL_T,Temporary contracts,0_TO_6,0-6 scale,VERSION4,Version 4 (2013-2019),2022,,2.2314608,,F,Free (free for publication),2,Two,A,Normal value,0,Units
DATAFLOW,OECD.ELS.JAI:DSD_EPL@DF_EPL(1.0),Strictness of employment protection,I,A,Annual,SVK,Slovak Republic,EPL_T,Temporary contracts,0_TO_6,0-6 scale,VERSION4,Version 4 (2013-2019),2022,,2.0833333,,F,Free (free for publication),2,Two,A,Normal value,0,Units
DATAFLOW,OECD.ELS.JAI:DSD_EPL@DF_EPL(1.0),Strictness of employment protection,I,A,Annual,SVN,Slovenia,EPL_T,Temporary contracts,0_TO_6,0-6 scale,VERSION4,Version 4 (2013-2019),2022,,1.5059524,,F,Free (free for publication),2,Two,A,Normal value,0,Units
DATAFLOW,OECD.ELS.JAI:DSD_EPL@DF_EPL(1.0),Strictness of employment protection,I,A,Annual,ESP,Spain,EPL_T,Temporary contracts,0_TO_6,0-6 scale,VERSION4,Version 4 (2013-2019),2022,,2.3670635,,F,Free (free for publication),2,Two,A,Normal value,0,Units
DATAFLOW,OECD.ELS.JAI:DSD_EPL@DF_EPL(1.0),Strictness of employment protection,I,A,Annual,SWE,Sweden,EPL_T,Temporary contracts,0_TO_6,0-6 scale,VERSION4,Version 4 (2013-2019),2022,,1.1527778,,F,Free (free for publication),2,Two,A,Normal value,0,Units
DATAFLOW,OECD.ELS.JAI:DSD_EPL@DF_EPL(1.0),Strictness of employment protection,I,A,Annual,CHE,Switzerland,EPL_T,Temporary contracts,0_TO_6,0-6 scale,VERSION4,Version 4 (2013-2019),2022,,1.2043651,,F,Free (free for publication),2,Two,A,Normal value,0,Units
DATAFLOW,OECD.ELS.JAI:DSD_EPL@DF_EPL(1.0),Strictness of employment protection,I,A,Annual,TUR,Türkiye,EPL_T,Temporary contracts,0_TO_6,0-6 scale,VERSION4,Version 4 (2013-2019),2022,,3.25,,F,Free (free for publication),2,Two,A,Normal value,0,Units
DATAFLOW,OECD.ELS.JAI:DSD_EPL@DF_EPL(1.0),Strictness of employment protection,I,A,Annual,GBR,United Kingdom,EPL_T,Temporary contracts,0_TO_6,0-6 scale,VERSION4,Version 4 (2013-2019),2022,,0.40277776,,F,Free (free for publication),2,Two,A,Normal value,0,Units
DATAFLOW,OECD.ELS.JAI:DSD_EPL@DF_EPL(1.0),Strictness of employment protection,I,A,Annual,USA,United States,EPL_T,Temporary contracts,0_TO_6,0-6 scale,VERSION4,Version 4 (2013-2019),2022,,0.2638889,,F,Free (free for publication),2,Two,A,Normal value,0,Units
DATAFLOW,OECD.ELS.JAI:DSD_EPL@DF_EPL(1.0),Strictness of employment protection,I,A,Annual,OECD,OECD,EPL_T,Temporary contracts,0_TO_6,0-6 scale,VERSION4,Version 4 (2013-2019),2022,,1.5905593,,F,Free (free for publication),2,Two,A,Normal value,0,Units
DATAFLOW,OECD.ELS.JAI:DSD_EPL@DF_EPL(1.0),Strictness of employment protection,I,A,Annual,AUS,Australia,EPL_T,Temporary contracts,0_TO_6,0-6 scale,VERSION4,Version 4 (2013-2019),2023,,0.94444442,,F,Free (free for publication),2,Two,A,Normal value,0,Units
DATAFLOW,OECD.ELS.JAI:DSD_EPL@DF_EPL(1.0),Strictness of employment protection,I,A,Annual,AUT,Austria,EPL_T,Temporary contracts,0_TO_6,0-6 scale,VERSION4,Version 4 (2013-2019),2023,,1.6944444,,F,Free (free for publication),2,Two,A,Normal value,0,Units
DATAFLOW,OECD.ELS.JAI:DSD_EPL@DF_EPL(1.0),Strictness of employment protection,I,A,Annual,BEL,Belgium,EPL_T,Temporary contracts,0_TO_6,0-6 scale,VERSION4,Version 4 (2013-2019),2023,,1.611111,,F,Free (free for publication),2,Two,A,Normal value,0,Units
DATAFLOW,OECD.ELS.JAI:DSD_EPL@DF_EPL(1.0),Strictness of employment protection,I,A,Annual,CAN,Canada,EPL_T,Temporary contracts,0_TO_6,0-6 scale,VERSION4,Version 4 (2013-2019),2023,,0.22833334,,F,Free (free for publication),2,Two,A,Normal value,0,Units
DATAFLOW,OECD.ELS.JAI:DSD_EPL@DF_EPL(1.0),Strictness of employment protection,I,A,Annual,CHL,Chile,EPL_T,Temporary contracts,0_TO_6,0-6 scale,VERSION4,Version 4 (2013-2019),2023,,1.861111,,F,Free (free for publication),2,Two,A,Normal value,0,Units
DATAFLOW,OECD.ELS.JAI:DSD_EPL@DF_EPL(1.0),Strictness of employment protection,I,A,Annual,COL,Colombia,EPL_T,Temporary contracts,0_TO_6,0-6 scale,VERSION4,Version 4 (2013-2019),2023,,1.5416666,,F,Free (free for publication),2,Two,A,Normal value,0,Units
DATAFLOW,OECD.ELS.JAI:DSD_EPL@DF_EPL(1.0),Strictness of employment protection,I,A,Annual,CRI,Costa Rica,EPL_T,Temporary contracts,0_TO_6,0-6 scale,VERSION4,Version 4 (2013-2019),2023,,2.2222223,,F,Free (free for publication),2,Two,A,Normal value,0,Units
DATAFLOW,OECD.ELS.JAI:DSD_EPL@DF_EPL(1.0),Strictness of employment protection,I,A,Annual,CZE,Czechia,EPL_T,Temporary contracts,0_TO_6,0-6 scale,VERSION4,Version 4 (2013-2019),2023,,1.6666666,,F,Free (free for publication),2,Two,A,Normal value,0,Units
DATAFLOW,OECD.ELS.JAI:DSD_EPL@DF_EPL(1.0),Strictness of employment protection,I,A,Annual,DNK,Denmark,EPL_T,Temporary contracts,0_TO_6,0-6 scale,VERSION4,Version 4 (2013-2019),2023,,1.5555556,,F,Free (free for publication),2,Two,A,Normal value,0,Units
DATAFLOW,OECD.ELS.JAI:DSD_EPL@DF_EPL(1.0),Strictness of employment protection,I,A,Annual,EST,Estonia,EPL_T,Temporary contracts,0_TO_6,0-6 scale,VERSION4,Version 4 (2013-2019),2023,,2.2777777,,F,Free (free for publication),2,Two,A,Normal value,0,Units
DATAFLOW,OECD.ELS.JAI:DSD_EPL@DF_EPL(1.0),Strictness of employment protection,I,A,Annual,FIN,Finland,EPL_T,Temporary contracts,0_TO_6,0-6 scale,VERSION4,Version 4 (2013-2019),2023,,1.4166666,,F,Free (free for publication),2,Two,A,Normal value,0,Units
DATAFLOW,OECD.ELS.JAI:DSD_EPL@DF_EPL(1.0),Strictness of employment protection,I,A,Annual,FRA,France,EPL_T,Temporary contracts,0_TO_6,0-6 scale,VERSION4,Version 4 (2013-2019),2023,,2.6785715,,F,Free (free for publication),2,Two,A,Normal value,0,Units
DATAFLOW,OECD.ELS.JAI:DSD_EPL@DF_EPL(1.0),Strictness of employment protection,I,A,Annual,DEU,Germany,EPL_T,Temporary contracts,0_TO_6,0-6 scale,VERSION4,Version 4 (2013-2019),2023,,1.361111,,F,Free (free for publication),2,Two,A,Normal value,0,Units
DATAFLOW,OECD.ELS.JAI:DSD_EPL@DF_EPL(1.0),Strictness of employment protection,I,A,Annual,GRC,Greece,EPL_T,Temporary contracts,0_TO_6,0-6 scale,VERSION4,Version 4 (2013-2019),2023,,2.1944444,,F,Free (free for publication),2,Two,A,Normal value,0,Units
DATAFLOW,OECD.ELS.JAI:DSD_EPL@DF_EPL(1.0),Strictness of employment protection,I,A,Annual,HUN,Hungary,EPL_T,Temporary contracts,0_TO_6,0-6 scale,VERSION4,Version 4 (2013-2019),2023,,1.5833334,,F,Free (free for publication),2,Two,A,Normal value,0,Units
DATAFLOW,OECD.ELS.JAI:DSD_EPL@DF_EPL(1.0),Strictness of employment protection,I,A,Annual,ISL,Iceland,EPL_T,Temporary contracts,0_TO_6,0-6 scale,VERSION4,Version 4 (2013-2019),2023,,1.0694444,,F,Free (free for publication),2,Two,A,Normal value,0,Units
DATAFLOW,OECD.ELS.JAI:DSD_EPL@DF_EPL(1.0),Strictness of employment protection,I,A,Annual,IRL,Ireland,EPL_T,Temporary contracts,0_TO_6,0-6 scale,VERSION4,Version 4 (2013-2019),2023,,0.84722221,,F,Free (free for publication),2,Two,A,Normal value,0,Units
DATAFLOW,OECD.ELS.JAI:DSD_EPL@DF_EPL(1.0),Strictness of employment protection,I,A,Annual,ISR,Israel,EPL_T,Temporary contracts,0_TO_6,0-6 scale,VERSION4,Version 4 (2013-2019),2023,,1.0972222,,F,Free (free for publication),2,Two,A,Normal value,0,Units
DATAFLOW,OECD.ELS.JAI:DSD_EPL@DF_EPL(1.0),Strictness of employment protection,I,A,Annual,ITA,Italy,EPL_T,Temporary contracts,0_TO_6,0-6 scale,VERSION4,Version 4 (2013-2019),2023,,1.9583334,,F,Free (free for publication),2,Two,A,Normal value,0,Units
DATAFLOW,OECD.ELS.JAI:DSD_EPL@DF_EPL(1.0),Strictness of employment protection,I,A,Annual,JPN,Japan,EPL_T,Temporary contracts,0_TO_6,0-6 scale,VERSION4,Version 4 (2013-2019),2023,,1.3154762,,F,Free (free for publication),2,Two,A,Normal value,0,Units
DATAFLOW,OECD.ELS.JAI:DSD_EPL@DF_EPL(1.0),Strictness of employment protection,I,A,Annual,KOR,Korea,EPL_T,Temporary contracts,0_TO_6,0-6 scale,VERSION4,Version 4 (2013-2019),2023,,1.8346355,,F,Free (free for publication),2,Two,A,Normal value,0,Units
DATAFLOW,OECD.ELS.JAI:DSD_EPL@DF_EPL(1.0),Strictness of employment protection,I,A,Annual,LVA,Latvia,EPL_T,Temporary contracts,0_TO_6,0-6 scale,VERSION4,Version 4 (2013-2019),2023,,1.236111,,F,Free (free for publication),2,Two,A,Normal value,0,Units
DATAFLOW,OECD.ELS.JAI:DSD_EPL@DF_EPL(1.0),Strictness of employment protection,I,A,Annual,LTU,Lithuania,EPL_T,Temporary contracts,0_TO_6,0-6 scale,VERSION4,Version 4 (2013-2019),2023,,1.4305556,,F,Free (free for publication),2,Two,A,Normal value,0,Units
DATAFLOW,OECD.ELS.JAI:DSD_EPL@DF_EPL(1.0),Strictness of employment protection,I,A,Annual,LUX,Luxembourg,EPL_T,Temporary contracts,0_TO_6,0-6 scale,VERSION4,Version 4 (2013-2019),2023,,2.8055556,,F,Free (free for publication),2,Two,A,Normal value,0,Units
DATAFLOW,OECD.ELS.JAI:DSD_EPL@DF_EPL(1.0),Strictness of employment protection,I,A,Annual,MEX,Mexico,EPL_T,Temporary contracts,0_TO_6,0-6 scale,VERSION4,Version 4 (2013-2019),2023,,1.5694444,,F,Free (free for publication),2,Two,A,Normal value,0,Units
DATAFLOW,OECD.ELS.JAI:DSD_EPL@DF_EPL(1.0),Strictness of employment protection,I,A,Annual,NLD,Netherlands,EPL_T,Temporary contracts,0_TO_6,0-6 scale,VERSION4,Version 4 (2013-2019),2023,,1.1170635,,F,Free (free for publication),2,Two,A,Normal value,0,Units
DATAFLOW,OECD.ELS.JAI:DSD_EPL@DF_EPL(1.0),Strictness of employment protection,I,A,Annual,NZL,New Zealand,EPL_T,Temporary contracts,0_TO_6,0-6 scale,VERSION4,Version 4 (2013-2019),2023,,0.8611111,,F,Free (free for publication),2,Two,A,Normal value,0,Units
DATAFLOW,OECD.ELS.JAI:DSD_EPL@DF_EPL(1.0),Strictness of employment protection,I,A,Annual,NOR,Norway,EPL_T,Temporary contracts,0_TO_6,0-6 scale,VERSION4,Version 4 (2013-2019),2023,,2.5277777,,F,Free (free for publication),2,Two,A,Normal value,0,Units
DATAFLOW,OECD.ELS.JAI:DSD_EPL@DF_EPL(1.0),Strictness of employment protection,I,A,Annual,POL,Poland,EPL_T,Temporary contracts,0_TO_6,0-6 scale,VERSION4,Version 4 (2013-2019),2023,,1.7222222,,F,Free (free for publication),2,Two,A,Normal value,0,Units
DATAFLOW,OECD.ELS.JAI:DSD_EPL@DF_EPL(1.0),Strictness of employment protection,I,A,Annual,PRT,Portugal,EPL_T,Temporary contracts,0_TO_6,0-6 scale,VERSION4,Version 4 (2013-2019),2023,,2.2314608,,F,Free (free for publication),2,Two,A,Normal value,0,Units
DATAFLOW,OECD.ELS.JAI:DSD_EPL@DF_EPL(1.0),Strictness of employment protection,I,A,Annual,SVK,Slovak Republic,EPL_T,Temporary contracts,0_TO_6,0-6 scale,VERSION4,Version 4 (2013-2019),2023,,2.0833333,,F,Free (free for publication),2,Two,A,Normal value,0,Units
DATAFLOW,OECD.ELS.JAI:DSD_EPL@DF_EPL(1.0),Strictness of employment protection,I,A,Annual,SVN,Slovenia,EPL_T,Temporary contracts,0_TO_6,0-6 scale,VERSION4,Version 4 (2013-2019),2023,,1.5059524,,F,Free (free for publication),2,Two,A,Normal value,0,Units
DATAFLOW,OECD.ELS.JAI:DSD_EPL@DF_EPL(1.0),Strictness of employment protection,I,A,Annual,ESP,Spain,EPL_T,Temporary contracts,0_TO_6,0-6 scale,VERSION4,Version 4 (2013-2019),2023,,2.90873,,F,Free (free for publication),2,Two,A,Normal value,0,Units
DATAFLOW,OECD.ELS.JAI:DSD_EPL@DF_EPL(1.0),Strictness of employment protection,I,A,Annual,SWE,Sweden,EPL_T,Temporary contracts,0_TO_6,0-6 scale,VERSION4,Version 4 (2013-2019),2023,,1.236111,,F,Free (free for publication),2,Two,A,Normal value,0,Units
DATAFLOW,OECD.ELS.JAI:DSD_EPL@DF_EPL(1.0),Strictness of employment protection,I,A,Annual,CHE,Switzerland,EPL_T,Temporary contracts,0_TO_6,0-6 scale,VERSION4,Version 4 (2013-2019),2023,,1.2043651,,F,Free (free for publication),2,Two,A,Normal value,0,Units
DATAFLOW,OECD.ELS.JAI:DSD_EPL@DF_EPL(1.0),Strictness of employment protection,I,A,Annual,TUR,Türkiye,EPL_T,Temporary contracts,0_TO_6,0-6 scale,VERSION4,Version 4 (2013-2019),2023,,3.25,,F,Free (free for publication),2,Two,A,Normal value,0,Units
DATAFLOW,OECD.ELS.JAI:DSD_EPL@DF_EPL(1.0),Strictness of employment protection,I,A,Annual,GBR,United Kingdom,EPL_T,Temporary contracts,0_TO_6,0-6 scale,VERSION4,Version 4 (2013-2019),2023,,0.40277776,,F,Free (free for publication),2,Two,A,Normal value,0,Units
DATAFLOW,OECD.ELS.JAI:DSD_EPL@DF_EPL(1.0),Strictness of employment protection,I,A,Annual,USA,United States,EPL_T,Temporary contracts,0_TO_6,0-6 scale,VERSION4,Version 4 (2013-2019),2023,,0.2638889,,F,Free (free for publication),2,Two,A,Normal value,0,Units
DATAFLOW,OECD.ELS.JAI:DSD_EPL@DF_EPL(1.0),Strictness of employment protection,I,A,Annual,OECD,OECD,EPL_T,Temporary contracts,0_TO_6,0-6 scale,VERSION4,Version 4 (2013-2019),2023,,1.6135856,,F,Free (free for publication),2,Two,A,Normal value,0,Units
DATAFLOW,OECD.ELS.JAI:DSD_EPL@DF_EPL(1.0),Strictness of employment protection,I,A,Annual,AUS,Australia,EPL_T,Temporary contracts,0_TO_6,0-6 scale,VERSION4,Version 4 (2013-2019),2024,,1.2777778,,F,Free (free for publication),2,Two,A,Normal value,0,Units
DATAFLOW,OECD.ELS.JAI:DSD_EPL@DF_EPL(1.0),Strictness of employment protection,I,A,Annual,AUT,Austria,EPL_T,Temporary contracts,0_TO_6,0-6 scale,VERSION4,Version 4 (2013-2019),2024,,1.6944444,,F,Free (free for publication),2,Two,A,Normal value,0,Units
DATAFLOW,OECD.ELS.JAI:DSD_EPL@DF_EPL(1.0),Strictness of employment protection,I,A,Annual,BEL,Belgium,EPL_T,Temporary contracts,0_TO_6,0-6 scale,VERSION4,Version 4 (2013-2019),2024,,1.611111,,F,Free (free for publication),2,Two,A,Normal value,0,Units
DATAFLOW,OECD.ELS.JAI:DSD_EPL@DF_EPL(1.0),Strictness of employment protection,I,A,Annual,CAN,Canada,EPL_T,Temporary contracts,0_TO_6,0-6 scale,VERSION4,Version 4 (2013-2019),2024,,0.22833334,,F,Free (free for publication),2,Two,A,Normal value,0,Units
DATAFLOW,OECD.ELS.JAI:DSD_EPL@DF_EPL(1.0),Strictness of employment protection,I,A,Annual,CHL,Chile,EPL_T,Temporary contracts,0_TO_6,0-6 scale,VERSION4,Version 4 (2013-2019),2024,,1.861111,,F,Free (free for publication),2,Two,A,Normal value,0,Units
DATAFLOW,OECD.ELS.JAI:DSD_EPL@DF_EPL(1.0),Strictness of employment protection,I,A,Annual,COL,Colombia,EPL_T,Temporary contracts,0_TO_6,0-6 scale,VERSION4,Version 4 (2013-2019),2024,,1.5416666,,F,Free (free for publication),2,Two,A,Normal value,0,Units
DATAFLOW,OECD.ELS.JAI:DSD_EPL@DF_EPL(1.0),Strictness of employment protection,I,A,Annual,CRI,Costa Rica,EPL_T,Temporary contracts,0_TO_6,0-6 scale,VERSION4,Version 4 (2013-2019),2024,,2.2222223,,F,Free (free for publication),2,Two,A,Normal value,0,Units
DATAFLOW,OECD.ELS.JAI:DSD_EPL@DF_EPL(1.0),Strictness of employment protection,I,A,Annual,CZE,Czechia,EPL_T,Temporary contracts,0_TO_6,0-6 scale,VERSION4,Version 4 (2013-2019),2024,,1.6666666,,F,Free (free for publication),2,Two,A,Normal value,0,Units
DATAFLOW,OECD.ELS.JAI:DSD_EPL@DF_EPL(1.0),Strictness of employment protection,I,A,Annual,DNK,Denmark,EPL_T,Temporary contracts,0_TO_6,0-6 scale,VERSION4,Version 4 (2013-2019),2024,,1.5555556,,F,Free (free for publication),2,Two,A,Normal value,0,Units
DATAFLOW,OECD.ELS.JAI:DSD_EPL@DF_EPL(1.0),Strictness of employment protection,I,A,Annual,EST,Estonia,EPL_T,Temporary contracts,0_TO_6,0-6 scale,VERSION4,Version 4 (2013-2019),2024,,2.2777777,,F,Free (free for publication),2,Two,A,Normal value,0,Units
DATAFLOW,OECD.ELS.JAI:DSD_EPL@DF_EPL(1.0),Strictness of employment protection,I,A,Annual,FIN,Finland,EPL_T,Temporary contracts,0_TO_6,0-6 scale,VERSION4,Version 4 (2013-2019),2024,,1.4166666,,F,Free (free for publication),2,Two,A,Normal value,0,Units
DATAFLOW,OECD.ELS.JAI:DSD_EPL@DF_EPL(1.0),Strictness of employment protection,I,A,Annual,FRA,France,EPL_T,Temporary contracts,0_TO_6,0-6 scale,VERSION4,Version 4 (2013-2019),2024,,2.6785715,,F,Free (free for publication),2,Two,A,Normal value,0,Units
DATAFLOW,OECD.ELS.JAI:DSD_EPL@DF_EPL(1.0),Strictness of employment protection,I,A,Annual,DEU,Germany,EPL_T,Temporary contracts,0_TO_6,0-6 scale,VERSION4,Version 4 (2013-2019),2024,,1.361111,,F,Free (free for publication),2,Two,A,Normal value,0,Units
DATAFLOW,OECD.ELS.JAI:DSD_EPL@DF_EPL(1.0),Strictness of employment protection,I,A,Annual,GRC,Greece,EPL_T,Temporary contracts,0_TO_6,0-6 scale,VERSION4,Version 4 (2013-2019),2024,,2.1944444,,F,Free (free for publication),2,Two,A,Normal value,0,Units
DATAFLOW,OECD.ELS.JAI:DSD_EPL@DF_EPL(1.0),Strictness of employment protection,I,A,Annual,HUN,Hungary,EPL_T,Temporary contracts,0_TO_6,0-6 scale,VERSION4,Version 4 (2013-2019),2024,,1.5833334,,F,Free (free for publication),2,Two,A,Normal value,0,Units
DATAFLOW,OECD.ELS.JAI:DSD_EPL@DF_EPL(1.0),Strictness of employment protection,I,A,Annual,ISL,Iceland,EPL_T,Temporary contracts,0_TO_6,0-6 scale,VERSION4,Version 4 (2013-2019),2024,,1.0694444,,F,Free (free for publication),2,Two,A,Normal value,0,Units
DATAFLOW,OECD.ELS.JAI:DSD_EPL@DF_EPL(1.0),Strictness of employment protection,I,A,Annual,IRL,Ireland,EPL_T,Temporary contracts,0_TO_6,0-6 scale,VERSION4,Version 4 (2013-2019),2024,,0.84722221,,F,Free (free for publication),2,Two,A,Normal value,0,Units
DATAFLOW,OECD.ELS.JAI:DSD_EPL@DF_EPL(1.0),Strictness of employment protection,I,A,Annual,ISR,Israel,EPL_T,Temporary contracts,0_TO_6,0-6 scale,VERSION4,Version 4 (2013-2019),2024,,1.0972222,,F,Free (free for publication),2,Two,A,Normal value,0,Units
DATAFLOW,OECD.ELS.JAI:DSD_EPL@DF_EPL(1.0),Strictness of employment protection,I,A,Annual,ITA,Italy,EPL_T,Temporary contracts,0_TO_6,0-6 scale,VERSION4,Version 4 (2013-2019),2024,,1.7916666,,F,Free (free for publication),2,Two,A,Normal value,0,Units
DATAFLOW,OECD.ELS.JAI:DSD_EPL@DF_EPL(1.0),Strictness of employment protection,I,A,Annual,JPN,Japan,EPL_T,Temporary contracts,0_TO_6,0-6 scale,VERSION4,Version 4 (2013-2019),2024,,1.3154762,,F,Free (free for publication),2,Two,A,Normal value,0,Units
DATAFLOW,OECD.ELS.JAI:DSD_EPL@DF_EPL(1.0),Strictness of employment protection,I,A,Annual,KOR,Korea,EPL_T,Temporary contracts,0_TO_6,0-6 scale,VERSION4,Version 4 (2013-2019),2024,,1.8346355,,F,Free (free for publication),2,Two,A,Normal value,0,Units
DATAFLOW,OECD.ELS.JAI:DSD_EPL@DF_EPL(1.0),Strictness of employment protection,I,A,Annual,LVA,Latvia,EPL_T,Temporary contracts,0_TO_6,0-6 scale,VERSION4,Version 4 (2013-2019),2024,,1.236111,,F,Free (free for publication),2,Two,A,Normal value,0,Units
DATAFLOW,OECD.ELS.JAI:DSD_EPL@DF_EPL(1.0),Strictness of employment protection,I,A,Annual,LTU,Lithuania,EPL_T,Temporary contracts,0_TO_6,0-6 scale,VERSION4,Version 4 (2013-2019),2024,,1.4305556,,F,Free (free for publication),2,Two,A,Normal value,0,Units
DATAFLOW,OECD.ELS.JAI:DSD_EPL@DF_EPL(1.0),Strictness of employment protection,I,A,Annual,LUX,Luxembourg,EPL_T,Temporary contracts,0_TO_6,0-6 scale,VERSION4,Version 4 (2013-2019),2024,,2.8055556,,F,Free (free for publication),2,Two,A,Normal value,0,Units
DATAFLOW,OECD.ELS.JAI:DSD_EPL@DF_EPL(1.0),Strictness of employment protection,I,A,Annual,MEX,Mexico,EPL_T,Temporary contracts,0_TO_6,0-6 scale,VERSION4,Version 4 (2013-2019),2024,,2.875,,F,Free (free for publication),2,Two,A,Normal value,0,Units
DATAFLOW,OECD.ELS.JAI:DSD_EPL@DF_EPL(1.0),Strictness of employment protection,I,A,Annual,NLD,Netherlands,EPL_T,Temporary contracts,0_TO_6,0-6 scale,VERSION4,Version 4 (2013-2019),2024,,1.1170635,,F,Free (free for publication),2,Two,A,Normal value,0,Units
DATAFLOW,OECD.ELS.JAI:DSD_EPL@DF_EPL(1.0),Strictness of employment protection,I,A,Annual,NZL,New Zealand,EPL_T,Temporary contracts,0_TO_6,0-6 scale,VERSION4,Version 4 (2013-2019),2024,,0.8611111,,F,Free (free for publication),2,Two,A,Normal value,0,Units
DATAFLOW,OECD.ELS.JAI:DSD_EPL@DF_EPL(1.0),Strictness of employment protection,I,A,Annual,NOR,Norway,EPL_T,Temporary contracts,0_TO_6,0-6 scale,VERSION4,Version 4 (2013-2019),2024,,2.5277777,,F,Free (free for publication),2,Two,A,Normal value,0,Units
DATAFLOW,OECD.ELS.JAI:DSD_EPL@DF_EPL(1.0),Strictness of employment protection,I,A,Annual,POL,Poland,EPL_T,Temporary contracts,0_TO_6,0-6 scale,VERSION4,Version 4 (2013-2019),2024,,1.7222222,,F,Free (free for publication),2,Two,A,Normal value,0,Units
DATAFLOW,OECD.ELS.JAI:DSD_EPL@DF_EPL(1.0),Strictness of employment protection,I,A,Annual,PRT,Portugal,EPL_T,Temporary contracts,0_TO_6,0-6 scale,VERSION4,Version 4 (2013-2019),2024,,2.2790799,,F,Free (free for publication),2,Two,A,Normal value,0,Units
DATAFLOW,OECD.ELS.JAI:DSD_EPL@DF_EPL(1.0),Strictness of employment protection,I,A,Annual,SVK,Slovak Republic,EPL_T,Temporary contracts,0_TO_6,0-6 scale,VERSION4,Version 4 (2013-2019),2024,,2.0833333,,F,Free (free for publication),2,Two,A,Normal value,0,Units
DATAFLOW,OECD.ELS.JAI:DSD_EPL@DF_EPL(1.0),Strictness of employment protection,I,A,Annual,SVN,Slovenia,EPL_T,Temporary contracts,0_TO_6,0-6 scale,VERSION4,Version 4 (2013-2019),2024,,1.5059524,,F,Free (free for publication),2,Two,A,Normal value,0,Units
DATAFLOW,OECD.ELS.JAI:DSD_EPL@DF_EPL(1.0),Strictness of employment protection,I,A,Annual,ESP,Spain,EPL_T,Temporary contracts,0_TO_6,0-6 scale,VERSION4,Version 4 (2013-2019),2024,,2.90873,,F,Free (free for publication),2,Two,A,Normal value,0,Units
DATAFLOW,OECD.ELS.JAI:DSD_EPL@DF_EPL(1.0),Strictness of employment protection,I,A,Annual,SWE,Sweden,EPL_T,Temporary contracts,0_TO_6,0-6 scale,VERSION4,Version 4 (2013-2019),2024,,1.236111,,F,Free (free for publication),2,Two,A,Normal value,0,Units
DATAFLOW,OECD.ELS.JAI:DSD_EPL@DF_EPL(1.0),Strictness of employment protection,I,A,Annual,CHE,Switzerland,EPL_T,Temporary contracts,0_TO_6,0-6 scale,VERSION4,Version 4 (2013-2019),2024,,1.2043651,,F,Free (free for publication),2,Two,A,Normal value,0,Units
DATAFLOW,OECD.ELS.JAI:DSD_EPL@DF_EPL(1.0),Strictness of employment protection,I,A,Annual,TUR,Türkiye,EPL_T,Temporary contracts,0_TO_6,0-6 scale,VERSION4,Version 4 (2013-2019),2024,,3.25,,F,Free (free for publication),2,Two,A,Normal value,0,Units
DATAFLOW,OECD.ELS.JAI:DSD_EPL@DF_EPL(1.0),Strictness of employment protection,I,A,Annual,GBR,United Kingdom,EPL_T,Temporary contracts,0_TO_6,0-6 scale,VERSION4,Version 4 (2013-2019),2024,,0.40277776,,F,Free (free for publication),2,Two,A,Normal value,0,Units
DATAFLOW,OECD.ELS.JAI:DSD_EPL@DF_EPL(1.0),Strictness of employment protection,I,A,Annual,USA,United States,EPL_T,Temporary contracts,0_TO_6,0-6 scale,VERSION4,Version 4 (2013-2019),2024,,0.2638889,,F,Free (free for publication),2,Two,A,Normal value,0,Units
DATAFLOW,OECD.ELS.JAI:DSD_EPL@DF_EPL(1.0),Strictness of employment protection,I,A,Annual,OECD,OECD,EPL_T,Temporary contracts,0_TO_6,0-6 scale,VERSION4,Version 4 (2013-2019),2024,,1.6535815,,F,Free (free for publication),2,Two,A,Normal value,0,Units
DATAFLOW,OECD.ELS.JAI:DSD_EPL@DF_EPL(1.0),Strictness of employment protection,I,A,Annual,AUS,Australia,EPL_T,Temporary contracts,0_TO_6,0-6 scale,VERSION4,Version 4 (2013-2019),2025,,1.2777778,,F,Free (free for publication),2,Two,A,Normal value,0,Units
DATAFLOW,OECD.ELS.JAI:DSD_EPL@DF_EPL(1.0),Strictness of employment protection,I,A,Annual,AUT,Austria,EPL_T,Temporary contracts,0_TO_6,0-6 scale,VERSION4,Version 4 (2013-2019),2025,,1.6944444,,F,Free (free for publication),2,Two,A,Normal value,0,Units
DATAFLOW,OECD.ELS.JAI:DSD_EPL@DF_EPL(1.0),Strictness of employment protection,I,A,Annual,BEL,Belgium,EPL_T,Temporary contracts,0_TO_6,0-6 scale,VERSION4,Version 4 (2013-2019),2025,,1.611111,,F,Free (free for publication),2,Two,A,Normal value,0,Units
DATAFLOW,OECD.ELS.JAI:DSD_EPL@DF_EPL(1.0),Strictness of employment protection,I,A,Annual,CAN,Canada,EPL_T,Temporary contracts,0_TO_6,0-6 scale,VERSION4,Version 4 (2013-2019),2025,,0.27833334,,F,Free (free for publication),2,Two,A,Normal value,0,Units
DATAFLOW,OECD.ELS.JAI:DSD_EPL@DF_EPL(1.0),Strictness of employment protection,I,A,Annual,CHL,Chile,EPL_T,Temporary contracts,0_TO_6,0-6 scale,VERSION4,Version 4 (2013-2019),2025,,1.861111,,F,Free (free for publication),2,Two,A,Normal value,0,Units
DATAFLOW,OECD.ELS.JAI:DSD_EPL@DF_EPL(1.0),Strictness of employment protection,I,A,Annual,COL,Colombia,EPL_T,Temporary contracts,0_TO_6,0-6 scale,VERSION4,Version 4 (2013-2019),2025,,1.5416666,,F,Free (free for publication),2,Two,A,Normal value,0,Units
DATAFLOW,OECD.ELS.JAI:DSD_EPL@DF_EPL(1.0),Strictness of employment protection,I,A,Annual,CRI,Costa Rica,EPL_T,Temporary contracts,0_TO_6,0-6 scale,VERSION4,Version 4 (2013-2019),2025,,2.2222223,,F,Free (free for publication),2,Two,A,Normal value,0,Units
DATAFLOW,OECD.ELS.JAI:DSD_EPL@DF_EPL(1.0),Strictness of employment protection,I,A,Annual,CZE,Czechia,EPL_T,Temporary contracts,0_TO_6,0-6 scale,VERSION4,Version 4 (2013-2019),2025,,1.6666666,,F,Free (free for publication),2,Two,A,Normal value,0,Units
DATAFLOW,OECD.ELS.JAI:DSD_EPL@DF_EPL(1.0),Strictness of employment protection,I,A,Annual,DNK,Denmark,EPL_T,Temporary contracts,0_TO_6,0-6 scale,VERSION4,Version 4 (2013-2019),2025,,1.5555556,,F,Free (free for publication),2,Two,A,Normal value,0,Units
DATAFLOW,OECD.ELS.JAI:DSD_EPL@DF_EPL(1.0),Strictness of employment protection,I,A,Annual,EST,Estonia,EPL_T,Temporary contracts,0_TO_6,0-6 scale,VERSION4,Version 4 (2013-2019),2025,,2.2777777,,F,Free (free for publication),2,Two,A,Normal value,0,Units
DATAFLOW,OECD.ELS.JAI:DSD_EPL@DF_EPL(1.0),Strictness of employment protection,I,A,Annual,FIN,Finland,EPL_T,Temporary contracts,0_TO_6,0-6 scale,VERSION4,Version 4 (2013-2019),2025,,1.4166666,,F,Free (free for publication),2,Two,A,Normal value,0,Units
DATAFLOW,OECD.ELS.JAI:DSD_EPL@DF_EPL(1.0),Strictness of employment protection,I,A,Annual,FRA,France,EPL_T,Temporary contracts,0_TO_6,0-6 scale,VERSION4,Version 4 (2013-2019),2025,,2.6785715,,F,Free (free for publication),2,Two,A,Normal value,0,Units
DATAFLOW,OECD.ELS.JAI:DSD_EPL@DF_EPL(1.0),Strictness of employment protection,I,A,Annual,DEU,Germany,EPL_T,Temporary contracts,0_TO_6,0-6 scale,VERSION4,Version 4 (2013-2019),2025,,1.361111,,F,Free (free for publication),2,Two,A,Normal value,0,Units
DATAFLOW,OECD.ELS.JAI:DSD_EPL@DF_EPL(1.0),Strictness of employment protection,I,A,Annual,GRC,Greece,EPL_T,Temporary contracts,0_TO_6,0-6 scale,VERSION4,Version 4 (2013-2019),2025,,2.1944444,,F,Free (free for publication),2,Two,A,Normal value,0,Units
DATAFLOW,OECD.ELS.JAI:DSD_EPL@DF_EPL(1.0),Strictness of employment protection,I,A,Annual,HUN,Hungary,EPL_T,Temporary contracts,0_TO_6,0-6 scale,VERSION4,Version 4 (2013-2019),2025,,1.5833334,,F,Free (free for publication),2,Two,A,Normal value,0,Units
DATAFLOW,OECD.ELS.JAI:DSD_EPL@DF_EPL(1.0),Strictness of employment protection,I,A,Annual,IRL,Ireland,EPL_T,Temporary contracts,0_TO_6,0-6 scale,VERSION4,Version 4 (2013-2019),2025,,0.84722221,,F,Free (free for publication),2,Two,A,Normal value,0,Units
DATAFLOW,OECD.ELS.JAI:DSD_EPL@DF_EPL(1.0),Strictness of employment protection,I,A,Annual,ITA,Italy,EPL_T,Temporary contracts,0_TO_6,0-6 scale,VERSION4,Version 4 (2013-2019),2025,,1.7916666,,F,Free (free for publication),2,Two,A,Normal value,0,Units
DATAFLOW,OECD.ELS.JAI:DSD_EPL@DF_EPL(1.0),Strictness of employment protection,I,A,Annual,JPN,Japan,EPL_T,Temporary contracts,0_TO_6,0-6 scale,VERSION4,Version 4 (2013-2019),2025,,1.3154762,,F,Free (free for publication),2,Two,A,Normal value,0,Units
DATAFLOW,OECD.ELS.JAI:DSD_EPL@DF_EPL(1.0),Strictness of employment protection,I,A,Annual,KOR,Korea,EPL_T,Temporary contracts,0_TO_6,0-6 scale,VERSION4,Version 4 (2013-2019),2025,,1.8346355,,F,Free (free for publication),2,Two,A,Normal value,0,Units
DATAFLOW,OECD.ELS.JAI:DSD_EPL@DF_EPL(1.0),Strictness of employment protection,I,A,Annual,LVA,Latvia,EPL_T,Temporary contracts,0_TO_6,0-6 scale,VERSION4,Version 4 (2013-2019),2025,,1.236111,,F,Free (free for publication),2,Two,A,Normal value,0,Units
DATAFLOW,OECD.ELS.JAI:DSD_EPL@DF_EPL(1.0),Strictness of employment protection,I,A,Annual,LTU,Lithuania,EPL_T,Temporary contracts,0_TO_6,0-6 scale,VERSION4,Version 4 (2013-2019),2025,,1.4305556,,F,Free (free for publication),2,Two,A,Normal value,0,Units
DATAFLOW,OECD.ELS.JAI:DSD_EPL@DF_EPL(1.0),Strictness of employment protection,I,A,Annual,LUX,Luxembourg,EPL_T,Temporary contracts,0_TO_6,0-6 scale,VERSION4,Version 4 (2013-2019),2025,,2.8055556,,F,Free (free for publication),2,Two,A,Normal value,0,Units
DATAFLOW,OECD.ELS.JAI:DSD_EPL@DF_EPL(1.0),Strictness of employment protection,I,A,Annual,MEX,Mexico,EPL_T,Temporary contracts,0_TO_6,0-6 scale,VERSION4,Version 4 (2013-2019),2025,,2.875,,F,Free (free for publication),2,Two,A,Normal value,0,Units
DATAFLOW,OECD.ELS.JAI:DSD_EPL@DF_EPL(1.0),Strictness of employment protection,I,A,Annual,NLD,Netherlands,EPL_T,Temporary contracts,0_TO_6,0-6 scale,VERSION4,Version 4 (2013-2019),2025,,1.1170635,,F,Free (free for publication),2,Two,A,Normal value,0,Units
DATAFLOW,OECD.ELS.JAI:DSD_EPL@DF_EPL(1.0),Strictness of employment protection,I,A,Annual,NZL,New Zealand,EPL_T,Temporary contracts,0_TO_6,0-6 scale,VERSION4,Version 4 (2013-2019),2025,,0.8611111,,F,Free (free for publication),2,Two,A,Normal value,0,Units
DATAFLOW,OECD.ELS.JAI:DSD_EPL@DF_EPL(1.0),Strictness of employment protection,I,A,Annual,NOR,Norway,EPL_T,Temporary contracts,0_TO_6,0-6 scale,VERSION4,Version 4 (2013-2019),2025,,2.5277777,,F,Free (free for publication),2,Two,A,Normal value,0,Units
DATAFLOW,OECD.ELS.JAI:DSD_EPL@DF_EPL(1.0),Strictness of employment protection,I,A,Annual,POL,Poland,EPL_T,Temporary contracts,0_TO_6,0-6 scale,VERSION4,Version 4 (2013-2019),2025,,1.7222222,,F,Free (free for publication),2,Two,A,Normal value,0,Units
DATAFLOW,OECD.ELS.JAI:DSD_EPL@DF_EPL(1.0),Strictness of employment protection,I,A,Annual,PRT,Portugal,EPL_T,Temporary contracts,0_TO_6,0-6 scale,VERSION4,Version 4 (2013-2019),2025,,2.2790799,,F,Free (free for publication),2,Two,A,Normal value,0,Units
DATAFLOW,OECD.ELS.JAI:DSD_EPL@DF_EPL(1.0),Strictness of employment protection,I,A,Annual,SVK,Slovak Republic,EPL_T,Temporary contracts,0_TO_6,0-6 scale,VERSION4,Version 4 (2013-2019),2025,,2.0833333,,F,Free (free for publication),2,Two,A,Normal value,0,Units
DATAFLOW,OECD.ELS.JAI:DSD_EPL@DF_EPL(1.0),Strictness of employment protection,I,A,Annual,SVN,Slovenia,EPL_T,Temporary contracts,0_TO_6,0-6 scale,VERSION4,Version 4 (2013-2019),2025,,1.5059524,,F,Free (free for publication),2,Two,A,Normal value,0,Units
DATAFLOW,OECD.ELS.JAI:DSD_EPL@DF_EPL(1.0),Strictness of employment protection,I,A,Annual,ESP,Spain,EPL_T,Temporary contracts,0_TO_6,0-6 scale,VERSION4,Version 4 (2013-2019),2025,,2.90873,,F,Free (free for publication),2,Two,A,Normal value,0,Units
DATAFLOW,OECD.ELS.JAI:DSD_EPL@DF_EPL(1.0),Strictness of employment protection,I,A,Annual,SWE,Sweden,EPL_T,Temporary contracts,0_TO_6,0-6 scale,VERSION4,Version 4 (2013-2019),2025,,1.236111,,F,Free (free for publication),2,Two,A,Normal value,0,Units
DATAFLOW,OECD.ELS.JAI:DSD_EPL@DF_EPL(1.0),Strictness of employment protection,I,A,Annual,CHE,Switzerland,EPL_T,Temporary contracts,0_TO_6,0-6 scale,VERSION4,Version 4 (2013-2019),2025,,1.2043651,,F,Free (free for publication),2,Two,A,Normal value,0,Units
DATAFLOW,OECD.ELS.JAI:DSD_EPL@DF_EPL(1.0),Strictness of employment protection,I,A,Annual,TUR,Türkiye,EPL_T,Temporary contracts,0_TO_6,0-6 scale,VERSION4,Version 4 (2013-2019),2025,,3.25,,F,Free (free for publication),2,Two,A,Normal value,0,Units
DATAFLOW,OECD.ELS.JAI:DSD_EPL@DF_EPL(1.0),Strictness of employment protection,I,A,Annual,GBR,United Kingdom,EPL_T,Temporary contracts,0_TO_6,0-6 scale,VERSION4,Version 4 (2013-2019),2025,,0.40277776,,F,Free (free for publication),2,Two,A,Normal value,0,Units
DATAFLOW,OECD.ELS.JAI:DSD_EPL@DF_EPL(1.0),Strictness of employment protection,I,A,Annual,USA,United States,EPL_T,Temporary contracts,0_TO_6,0-6 scale,VERSION4,Version 4 (2013-2019),2025,,0.2638889,,F,Free (free for publication),2,Two,A,Normal value,0,Units
DATAFLOW,OECD.ELS.JAI:DSD_EPL@DF_EPL(1.0),Strictness of employment protection,I,A,Annual,AUS,Australia,EPL_OV,Individual and collective dismissals (regular contracts),0_TO_6,0-6 scale,VERSION4,Version 4 (2013-2019),2013,,1.7000779,,F,Free (free for publication),2,Two,A,Normal value,0,Units
DATAFLOW,OECD.ELS.JAI:DSD_EPL@DF_EPL(1.0),Strictness of employment protection,I,A,Annual,AUT,Austria,EPL_OV,Individual and collective dismissals (regular contracts),0_TO_6,0-6 scale,VERSION4,Version 4 (2013-2019),2013,,1.8006307,,F,Free (free for publication),2,Two,A,Normal value,0,Units
DATAFLOW,OECD.ELS.JAI:DSD_EPL@DF_EPL(1.0),Strictness of employment protection,I,A,Annual,BEL,Belgium,EPL_OV,Individual and collective dismissals (regular contracts),0_TO_6,0-6 scale,VERSION4,Version 4 (2013-2019),2013,,2.1983576,,F,Free (free for publication),2,Two,A,Normal value,0,Units
DATAFLOW,OECD.ELS.JAI:DSD_EPL@DF_EPL(1.0),Strictness of employment protection,I,A,Annual,CAN,Canada,EPL_OV,Individual and collective dismissals (regular contracts),0_TO_6,0-6 scale,VERSION4,Version 4 (2013-2019),2013,,1.0178068,,F,Free (free for publication),2,Two,A,Normal value,0,Units
DATAFLOW,OECD.ELS.JAI:DSD_EPL@DF_EPL(1.0),Strictness of employment protection,I,A,Annual,CHL,Chile,EPL_OV,Individual and collective dismissals (regular contracts),0_TO_6,0-6 scale,VERSION4,Version 4 (2013-2019),2013,,2.3417659,,F,Free (free for publication),2,Two,A,Normal value,0,Units
DATAFLOW,OECD.ELS.JAI:DSD_EPL@DF_EPL(1.0),Strictness of employment protection,I,A,Annual,CZE,Czechia,EPL_OV,Individual and collective dismissals (regular contracts),0_TO_6,0-6 scale,VERSION4,Version 4 (2013-2019),2013,,3.0252621,,F,Free (free for publication),2,Two,A,Normal value,0,Units
DATAFLOW,OECD.ELS.JAI:DSD_EPL@DF_EPL(1.0),Strictness of employment protection,I,A,Annual,DNK,Denmark,EPL_OV,Individual and collective dismissals (regular contracts),0_TO_6,0-6 scale,VERSION4,Version 4 (2013-2019),2013,,1.937693,,F,Free (free for publication),2,Two,A,Normal value,0,Units
DATAFLOW,OECD.ELS.JAI:DSD_EPL@DF_EPL(1.0),Strictness of employment protection,I,A,Annual,EST,Estonia,EPL_OV,Individual and collective dismissals (regular contracts),0_TO_6,0-6 scale,VERSION4,Version 4 (2013-2019),2013,,1.9342227,,F,Free (free for publication),2,Two,A,Normal value,0,Units
DATAFLOW,OECD.ELS.JAI:DSD_EPL@DF_EPL(1.0),Strictness of employment protection,I,A,Annual,FIN,Finland,EPL_OV,Individual and collective dismissals (regular contracts),0_TO_6,0-6 scale,VERSION4,Version 4 (2013-2019),2013,,2.5180166,,F,Free (free for publication),2,Two,A,Normal value,0,Units
DATAFLOW,OECD.ELS.JAI:DSD_EPL@DF_EPL(1.0),Strictness of employment protection,I,A,Annual,FRA,France,EPL_OV,Individual and collective dismissals (regular contracts),0_TO_6,0-6 scale,VERSION4,Version 4 (2013-2019),2013,,2.8730898,,F,Free (free for publication),2,Two,A,Normal value,0,Units
DATAFLOW,OECD.ELS.JAI:DSD_EPL@DF_EPL(1.0),Strictness of employment protection,I,A,Annual,DEU,Germany,EPL_OV,Individual and collective dismissals (regular contracts),0_TO_6,0-6 scale,VERSION4,Version 4 (2013-2019),2013,,2.3324111,,F,Free (free for publication),2,Two,A,Normal value,0,Units
DATAFLOW,OECD.ELS.JAI:DSD_EPL@DF_EPL(1.0),Strictness of employment protection,I,A,Annual,GRC,Greece,EPL_OV,Individual and collective dismissals (regular contracts),0_TO_6,0-6 scale,VERSION4,Version 4 (2013-2019),2013,,2.55652,,F,Free (free for publication),2,Two,A,Normal value,0,Units
DATAFLOW,OECD.ELS.JAI:DSD_EPL@DF_EPL(1.0),Strictness of employment protection,I,A,Annual,HUN,Hungary,EPL_OV,Individual and collective dismissals (regular contracts),0_TO_6,0-6 scale,VERSION4,Version 4 (2013-2019),2013,,1.7673346,,F,Free (free for publication),2,Two,A,Normal value,0,Units
DATAFLOW,OECD.ELS.JAI:DSD_EPL@DF_EPL(1.0),Strictness of employment protection,I,A,Annual,ISL,Iceland,EPL_OV,Individual and collective dismissals (regular contracts),0_TO_6,0-6 scale,VERSION4,Version 4 (2013-2019),2013,,2.2030895,,F,Free (free for publication),2,Two,A,Normal value,0,Units
DATAFLOW,OECD.ELS.JAI:DSD_EPL@DF_EPL(1.0),Strictness of employment protection,I,A,Annual,IRL,Ireland,EPL_OV,Individual and collective dismissals (regular contracts),0_TO_6,0-6 scale,VERSION4,Version 4 (2013-2019),2013,,2.1349294,,F,Free (free for publication),2,Two,A,Normal value,0,Units
DATAFLOW,OECD.ELS.JAI:DSD_EPL@DF_EPL(1.0),Strictness of employment protection,I,A,Annual,ISR,Israel,EPL_OV,Individual and collective dismissals (regular contracts),0_TO_6,0-6 scale,VERSION4,Version 4 (2013-2019),2013,,2.8320932,,F,Free (free for publication),2,Two,A,Normal value,0,Units
DATAFLOW,OECD.ELS.JAI:DSD_EPL@DF_EPL(1.0),Strictness of employment protection,I,A,Annual,ITA,Italy,EPL_OV,Individual and collective dismissals (regular contracts),0_TO_6,0-6 scale,VERSION4,Version 4 (2013-2019),2013,,3.103653,,F,Free (free for publication),2,Two,A,Normal value,0,Units
DATAFLOW,OECD.ELS.JAI:DSD_EPL@DF_EPL(1.0),Strictness of employment protection,I,A,Annual,JPN,Japan,EPL_OV,Individual and collective dismissals (regular contracts),0_TO_6,0-6 scale,VERSION4,Version 4 (2013-2019),2013,,2.0809152,,F,Free (free for publication),2,Two,A,Normal value,0,Units
DATAFLOW,OECD.ELS.JAI:DSD_EPL@DF_EPL(1.0),Strictness of employment protection,I,A,Annual,KOR,Korea,EPL_OV,Individual and collective dismissals (regular contracts),0_TO_6,0-6 scale,VERSION4,Version 4 (2013-2019),2013,,2.3859482,,F,Free (free for publication),2,Two,A,Normal value,0,Units
DATAFLOW,OECD.ELS.JAI:DSD_EPL@DF_EPL(1.0),Strictness of employment protection,I,A,Annual,LVA,Latvia,EPL_OV,Individual and collective dismissals (regular contracts),0_TO_6,0-6 scale,VERSION4,Version 4 (2013-2019),2013,,2.7081208,,F,Free (free for publication),2,Two,A,Normal value,0,Units
DATAFLOW,OECD.ELS.JAI:DSD_EPL@DF_EPL(1.0),Strictness of employment protection,I,A,Annual,LUX,Luxembourg,EPL_OV,Individual and collective dismissals (regular contracts),0_TO_6,0-6 scale,VERSION4,Version 4 (2013-2019),2013,,2.5418367,,F,Free (free for publication),2,Two,A,Normal value,0,Units
DATAFLOW,OECD.ELS.JAI:DSD_EPL@DF_EPL(1.0),Strictness of employment protection,I,A,Annual,MEX,Mexico,EPL_OV,Individual and collective dismissals (regular contracts),0_TO_6,0-6 scale,VERSION4,Version 4 (2013-2019),2013,,2.4308035,,F,Free (free for publication),2,Two,A,Normal value,0,Units
DATAFLOW,OECD.ELS.JAI:DSD_EPL@DF_EPL(1.0),Strictness of employment protection,I,A,Annual,NLD,Netherlands,EPL_OV,Individual and collective dismissals (regular contracts),0_TO_6,0-6 scale,VERSION4,Version 4 (2013-2019),2013,,2.5517325,,F,Free (free for publication),2,Two,A,Normal value,0,Units
DATAFLOW,OECD.ELS.JAI:DSD_EPL@DF_EPL(1.0),Strictness of employment protection,I,A,Annual,NZL,New Zealand,EPL_OV,Individual and collective dismissals (regular contracts),0_TO_6,0-6 scale,VERSION4,Version 4 (2013-2019),2013,,2.085778,,F,Free (free for publication),2,Two,A,Normal value,0,Units
DATAFLOW,OECD.ELS.JAI:DSD_EPL@DF_EPL(1.0),Strictness of employment protection,I,A,Annual,NOR,Norway,EPL_OV,Individual and collective dismissals (regular contracts),0_TO_6,0-6 scale,VERSION4,Version 4 (2013-2019),2013,,2.3734853,,F,Free (free for publication),2,Two,A,Normal value,0,Units
DATAFLOW,OECD.ELS.JAI:DSD_EPL@DF_EPL(1.0),Strictness of employment protection,I,A,Annual,POL,Poland,EPL_OV,Individual and collective dismissals (regular contracts),0_TO_6,0-6 scale,VERSION4,Version 4 (2013-2019),2013,,2.4210324,,F,Free (free for publication),2,Two,A,Normal value,0,Units
DATAFLOW,OECD.ELS.JAI:DSD_EPL@DF_EPL(1.0),Strictness of employment protection,I,A,Annual,PRT,Portugal,EPL_OV,Individual and collective dismissals (regular contracts),0_TO_6,0-6 scale,VERSION4,Version 4 (2013-2019),2013,,3.0622342,,F,Free (free for publication),2,Two,A,Normal value,0,Units
DATAFLOW,OECD.ELS.JAI:DSD_EPL@DF_EPL(1.0),Strictness of employment protection,I,A,Annual,SVK,Slovak Republic,EPL_OV,Individual and collective dismissals (regular contracts),0_TO_6,0-6 scale,VERSION4,Version 4 (2013-2019),2013,,2.330605,,F,Free (free for publication),2,Two,A,Normal value,0,Units
DATAFLOW,OECD.ELS.JAI:DSD_EPL@DF_EPL(1.0),Strictness of employment protection,I,A,Annual,SVN,Slovenia,EPL_OV,Individual and collective dismissals (regular contracts),0_TO_6,0-6 scale,VERSION4,Version 4 (2013-2019),2013,,2.5393507,,F,Free (free for publication),2,Two,A,Normal value,0,Units
DATAFLOW,OECD.ELS.JAI:DSD_EPL@DF_EPL(1.0),Strictness of employment protection,I,A,Annual,ESP,Spain,EPL_OV,Individual and collective dismissals (regular contracts),0_TO_6,0-6 scale,VERSION4,Version 4 (2013-2019),2013,,2.3922486,,F,Free (free for publication),2,Two,A,Normal value,0,Units
DATAFLOW,OECD.ELS.JAI:DSD_EPL@DF_EPL(1.0),Strictness of employment protection,I,A,Annual,SWE,Sweden,EPL_OV,Individual and collective dismissals (regular contracts),0_TO_6,0-6 scale,VERSION4,Version 4 (2013-2019),2013,,2.5444055,,F,Free (free for publication),2,Two,A,Normal value,0,Units
DATAFLOW,OECD.ELS.JAI:DSD_EPL@DF_EPL(1.0),Strictness of employment protection,I,A,Annual,CHE,Switzerland,EPL_OV,Individual and collective dismissals (regular contracts),0_TO_6,0-6 scale,VERSION4,Version 4 (2013-2019),2013,,1.6069735,,F,Free (free for publication),2,Two,A,Normal value,0,Units
DATAFLOW,OECD.ELS.JAI:DSD_EPL@DF_EPL(1.0),Strictness of employment protection,I,A,Annual,TUR,Türkiye,EPL_OV,Individual and collective dismissals (regular contracts),0_TO_6,0-6 scale,VERSION4,Version 4 (2013-2019),2013,,2.9496608,,F,Free (free for publication),2,Two,A,Normal value,0,Units
DATAFLOW,OECD.ELS.JAI:DSD_EPL@DF_EPL(1.0),Strictness of employment protection,I,A,Annual,GBR,United Kingdom,EPL_OV,Individual and collective dismissals (regular contracts),0_TO_6,0-6 scale,VERSION4,Version 4 (2013-2019),2013,,1.932336,,F,Free (free for publication),2,Two,A,Normal value,0,Units
DATAFLOW,OECD.ELS.JAI:DSD_EPL@DF_EPL(1.0),Strictness of employment protection,I,A,Annual,USA,United States,EPL_OV,Individual and collective dismissals (regular contracts),0_TO_6,0-6 scale,VERSION4,Version 4 (2013-2019),2013,,0.76577598,,F,Free (free for publication),2,Two,A,Normal value,0,Units
DATAFLOW,OECD.ELS.JAI:DSD_EPL@DF_EPL(1.0),Strictness of employment protection,I,A,Annual,AUS,Australia,EPL_OV,Individual and collective dismissals (regular contracts),0_TO_6,0-6 scale,VERSION4,Version 4 (2013-2019),2014,,1.7000779,,F,Free (free for publication),2,Two,A,Normal value,0,Units
DATAFLOW,OECD.ELS.JAI:DSD_EPL@DF_EPL(1.0),Strictness of employment protection,I,A,Annual,AUT,Austria,EPL_OV,Individual and collective dismissals (regular contracts),0_TO_6,0-6 scale,VERSION4,Version 4 (2013-2019),2014,,1.8006307,,F,Free (free for publication),2,Two,A,Normal value,0,Units
DATAFLOW,OECD.ELS.JAI:DSD_EPL@DF_EPL(1.0),Strictness of employment protection,I,A,Annual,BEL,Belgium,EPL_OV,Individual and collective dismissals (regular contracts),0_TO_6,0-6 scale,VERSION4,Version 4 (2013-2019),2014,,2.2705302,,F,Free (free for publication),2,Two,A,Normal value,0,Units
DATAFLOW,OECD.ELS.JAI:DSD_EPL@DF_EPL(1.0),Strictness of employment protection,I,A,Annual,CAN,Canada,EPL_OV,Individual and collective dismissals (regular contracts),0_TO_6,0-6 scale,VERSION4,Version 4 (2013-2019),2014,,1.0178068,,F,Free (free for publication),2,Two,A,Normal value,0,Units
DATAFLOW,OECD.ELS.JAI:DSD_EPL@DF_EPL(1.0),Strictness of employment protection,I,A,Annual,CHL,Chile,EPL_OV,Individual and collective dismissals (regular contracts),0_TO_6,0-6 scale,VERSION4,Version 4 (2013-2019),2014,,2.3417659,,F,Free (free for publication),2,Two,A,Normal value,0,Units
DATAFLOW,OECD.ELS.JAI:DSD_EPL@DF_EPL(1.0),Strictness of employment protection,I,A,Annual,COL,Colombia,EPL_OV,Individual and collective dismissals (regular contracts),0_TO_6,0-6 scale,VERSION4,Version 4 (2013-2019),2014,,1.4358112,,F,Free (free for publication),2,Two,A,Normal value,0,Units
DATAFLOW,OECD.ELS.JAI:DSD_EPL@DF_EPL(1.0),Strictness of employment protection,I,A,Annual,CRI,Costa Rica,EPL_OV,Individual and collective dismissals (regular contracts),0_TO_6,0-6 scale,VERSION4,Version 4 (2013-2019),2014,,0.63690478,,F,Free (free for publication),2,Two,A,Normal value,0,Units
DATAFLOW,OECD.ELS.JAI:DSD_EPL@DF_EPL(1.0),Strictness of employment protection,I,A,Annual,CZE,Czechia,EPL_OV,Individual and collective dismissals (regular contracts),0_TO_6,0-6 scale,VERSION4,Version 4 (2013-2019),2014,,3.0252621,,F,Free (free for publication),2,Two,A,Normal value,0,Units
DATAFLOW,OECD.ELS.JAI:DSD_EPL@DF_EPL(1.0),Strictness of employment protection,I,A,Annual,DNK,Denmark,EPL_OV,Individual and collective dismissals (regular contracts),0_TO_6,0-6 scale,VERSION4,Version 4 (2013-2019),2014,,1.937693,,F,Free (free for publication),2,Two,A,Normal value,0,Units
DATAFLOW,OECD.ELS.JAI:DSD_EPL@DF_EPL(1.0),Strictness of employment protection,I,A,Annual,EST,Estonia,EPL_OV,Individual and collective dismissals (regular contracts),0_TO_6,0-6 scale,VERSION4,Version 4 (2013-2019),2014,,1.9342227,,F,Free (free for publication),2,Two,A,Normal value,0,Units
DATAFLOW,OECD.ELS.JAI:DSD_EPL@DF_EPL(1.0),Strictness of employment protection,I,A,Annual,FIN,Finland,EPL_OV,Individual and collective dismissals (regular contracts),0_TO_6,0-6 scale,VERSION4,Version 4 (2013-2019),2014,,2.5180166,,F,Free (free for publication),2,Two,A,Normal value,0,Units
DATAFLOW,OECD.ELS.JAI:DSD_EPL@DF_EPL(1.0),Strictness of employment protection,I,A,Annual,FRA,France,EPL_OV,Individual and collective dismissals (regular contracts),0_TO_6,0-6 scale,VERSION4,Version 4 (2013-2019),2014,,2.8751137,,F,Free (free for publication),2,Two,A,Normal value,0,Units
DATAFLOW,OECD.ELS.JAI:DSD_EPL@DF_EPL(1.0),Strictness of employment protection,I,A,Annual,DEU,Germany,EPL_OV,Individual and collective dismissals (regular contracts),0_TO_6,0-6 scale,VERSION4,Version 4 (2013-2019),2014,,2.3324111,,F,Free (free for publication),2,Two,A,Normal value,0,Units
DATAFLOW,OECD.ELS.JAI:DSD_EPL@DF_EPL(1.0),Strictness of employment protection,I,A,Annual,GRC,Greece,EPL_OV,Individual and collective dismissals (regular contracts),0_TO_6,0-6 scale,VERSION4,Version 4 (2013-2019),2014,,2.55652,,F,Free (free for publication),2,Two,A,Normal value,0,Units
DATAFLOW,OECD.ELS.JAI:DSD_EPL@DF_EPL(1.0),Strictness of employment protection,I,A,Annual,HUN,Hungary,EPL_OV,Individual and collective dismissals (regular contracts),0_TO_6,0-6 scale,VERSION4,Version 4 (2013-2019),2014,,1.7673346,,F,Free (free for publication),2,Two,A,Normal value,0,Units
DATAFLOW,OECD.ELS.JAI:DSD_EPL@DF_EPL(1.0),Strictness of employment protection,I,A,Annual,ISL,Iceland,EPL_OV,Individual and collective dismissals (regular contracts),0_TO_6,0-6 scale,VERSION4,Version 4 (2013-2019),2014,,2.2030895,,F,Free (free for publication),2,Two,A,Normal value,0,Units
DATAFLOW,OECD.ELS.JAI:DSD_EPL@DF_EPL(1.0),Strictness of employment protection,I,A,Annual,IRL,Ireland,EPL_OV,Individual and collective dismissals (regular contracts),0_TO_6,0-6 scale,VERSION4,Version 4 (2013-2019),2014,,2.1349294,,F,Free (free for publication),2,Two,A,Normal value,0,Units
DATAFLOW,OECD.ELS.JAI:DSD_EPL@DF_EPL(1.0),Strictness of employment protection,I,A,Annual,ISR,Israel,EPL_OV,Individual and collective dismissals (regular contracts),0_TO_6,0-6 scale,VERSION4,Version 4 (2013-2019),2014,,2.8320932,,F,Free (free for publication),2,Two,A,Normal value,0,Units
DATAFLOW,OECD.ELS.JAI:DSD_EPL@DF_EPL(1.0),Strictness of employment protection,I,A,Annual,ITA,Italy,EPL_OV,Individual and collective dismissals (regular contracts),0_TO_6,0-6 scale,VERSION4,Version 4 (2013-2019),2014,,3.103653,,F,Free (free for publication),2,Two,A,Normal value,0,Units
DATAFLOW,OECD.ELS.JAI:DSD_EPL@DF_EPL(1.0),Strictness of employment protection,I,A,Annual,JPN,Japan,EPL_OV,Individual and collective dismissals (regular contracts),0_TO_6,0-6 scale,VERSION4,Version 4 (2013-2019),2014,,2.0809152,,F,Free (free for publication),2,Two,A,Normal value,0,Units
DATAFLOW,OECD.ELS.JAI:DSD_EPL@DF_EPL(1.0),Strictness of employment protection,I,A,Annual,KOR,Korea,EPL_OV,Individual and collective dismissals (regular contracts),0_TO_6,0-6 scale,VERSION4,Version 4 (2013-2019),2014,,2.3859482,,F,Free (free for publication),2,Two,A,Normal value,0,Units
DATAFLOW,OECD.ELS.JAI:DSD_EPL@DF_EPL(1.0),Strictness of employment protection,I,A,Annual,LVA,Latvia,EPL_OV,Individual and collective dismissals (regular contracts),0_TO_6,0-6 scale,VERSION4,Version 4 (2013-2019),2014,,2.7081208,,F,Free (free for publication),2,Two,A,Normal value,0,Units
DATAFLOW,OECD.ELS.JAI:DSD_EPL@DF_EPL(1.0),Strictness of employment protection,I,A,Annual,LTU,Lithuania,EPL_OV,Individual and collective dismissals (regular contracts),0_TO_6,0-6 scale,VERSION4,Version 4 (2013-2019),2014,,2.1355896,,F,Free (free for publication),2,Two,A,Normal value,0,Units
DATAFLOW,OECD.ELS.JAI:DSD_EPL@DF_EPL(1.0),Strictness of employment protection,I,A,Annual,LUX,Luxembourg,EPL_OV,Individual and collective dismissals (regular contracts),0_TO_6,0-6 scale,VERSION4,Version 4 (2013-2019),2014,,2.5418367,,F,Free (free for publication),2,Two,A,Normal value,0,Units
DATAFLOW,OECD.ELS.JAI:DSD_EPL@DF_EPL(1.0),Strictness of employment protection,I,A,Annual,MEX,Mexico,EPL_OV,Individual and collective dismissals (regular contracts),0_TO_6,0-6 scale,VERSION4,Version 4 (2013-2019),2014,,2.4308035,,F,Free (free for publication),2,Two,A,Normal value,0,Units
DATAFLOW,OECD.ELS.JAI:DSD_EPL@DF_EPL(1.0),Strictness of employment protection,I,A,Annual,NLD,Netherlands,EPL_OV,Individual and collective dismissals (regular contracts),0_TO_6,0-6 scale,VERSION4,Version 4 (2013-2019),2014,,2.5517325,,F,Free (free for publication),2,Two,A,Normal value,0,Units
DATAFLOW,OECD.ELS.JAI:DSD_EPL@DF_EPL(1.0),Strictness of employment protection,I,A,Annual,NZL,New Zealand,EPL_OV,Individual and collective dismissals (regular contracts),0_TO_6,0-6 scale,VERSION4,Version 4 (2013-2019),2014,,2.085778,,F,Free (free for publication),2,Two,A,Normal value,0,Units
DATAFLOW,OECD.ELS.JAI:DSD_EPL@DF_EPL(1.0),Strictness of employment protection,I,A,Annual,NOR,Norway,EPL_OV,Individual and collective dismissals (regular contracts),0_TO_6,0-6 scale,VERSION4,Version 4 (2013-2019),2014,,2.3734853,,F,Free (free for publication),2,Two,A,Normal value,0,Units
DATAFLOW,OECD.ELS.JAI:DSD_EPL@DF_EPL(1.0),Strictness of employment protection,I,A,Annual,POL,Poland,EPL_OV,Individual and collective dismissals (regular contracts),0_TO_6,0-6 scale,VERSION4,Version 4 (2013-2019),2014,,2.4210324,,F,Free (free for publication),2,Two,A,Normal value,0,Units
DATAFLOW,OECD.ELS.JAI:DSD_EPL@DF_EPL(1.0),Strictness of employment protection,I,A,Annual,PRT,Portugal,EPL_OV,Individual and collective dismissals (regular contracts),0_TO_6,0-6 scale,VERSION4,Version 4 (2013-2019),2014,,2.871758,,F,Free (free for publication),2,Two,A,Normal value,0,Units
DATAFLOW,OECD.ELS.JAI:DSD_EPL@DF_EPL(1.0),Strictness of employment protection,I,A,Annual,SVK,Slovak Republic,EPL_OV,Individual and collective dismissals (regular contracts),0_TO_6,0-6 scale,VERSION4,Version 4 (2013-2019),2014,,2.330605,,F,Free (free for publication),2,Two,A,Normal value,0,Units
DATAFLOW,OECD.ELS.JAI:DSD_EPL@DF_EPL(1.0),Strictness of employment protection,I,A,Annual,SVN,Slovenia,EPL_OV,Individual and collective dismissals (regular contracts),0_TO_6,0-6 scale,VERSION4,Version 4 (2013-2019),2014,,2.3406281,,F,Free (free for publication),2,Two,A,Normal value,0,Units
DATAFLOW,OECD.ELS.JAI:DSD_EPL@DF_EPL(1.0),Strictness of employment protection,I,A,Annual,ESP,Spain,EPL_OV,Individual and collective dismissals (regular contracts),0_TO_6,0-6 scale,VERSION4,Version 4 (2013-2019),2014,,2.3922486,,F,Free (free for publication),2,Two,A,Normal value,0,Units
DATAFLOW,OECD.ELS.JAI:DSD_EPL@DF_EPL(1.0),Strictness of employment protection,I,A,Annual,SWE,Sweden,EPL_OV,Individual and collective dismissals (regular contracts),0_TO_6,0-6 scale,VERSION4,Version 4 (2013-2019),2014,,2.5444055,,F,Free (free for publication),2,Two,A,Normal value,0,Units
DATAFLOW,OECD.ELS.JAI:DSD_EPL@DF_EPL(1.0),Strictness of employment protection,I,A,Annual,CHE,Switzerland,EPL_OV,Individual and collective dismissals (regular contracts),0_TO_6,0-6 scale,VERSION4,Version 4 (2013-2019),2014,,1.6069735,,F,Free (free for publication),2,Two,A,Normal value,0,Units
DATAFLOW,OECD.ELS.JAI:DSD_EPL@DF_EPL(1.0),Strictness of employment protection,I,A,Annual,TUR,Türkiye,EPL_OV,Individual and collective dismissals (regular contracts),0_TO_6,0-6 scale,VERSION4,Version 4 (2013-2019),2014,,2.9496608,,F,Free (free for publication),2,Two,A,Normal value,0,Units
DATAFLOW,OECD.ELS.JAI:DSD_EPL@DF_EPL(1.0),Strictness of employment protection,I,A,Annual,GBR,United Kingdom,EPL_OV,Individual and collective dismissals (regular contracts),0_TO_6,0-6 scale,VERSION4,Version 4 (2013-2019),2014,,1.9017237,,F,Free (free for publication),2,Two,A,Normal value,0,Units
DATAFLOW,OECD.ELS.JAI:DSD_EPL@DF_EPL(1.0),Strictness of employment protection,I,A,Annual,USA,United States,EPL_OV,Individual and collective dismissals (regular contracts),0_TO_6,0-6 scale,VERSION4,Version 4 (2013-2019),2014,,0.76577598,,F,Free (free for publication),2,Two,A,Normal value,0,Units
DATAFLOW,OECD.ELS.JAI:DSD_EPL@DF_EPL(1.0),Strictness of employment protection,I,A,Annual,OECD,OECD,EPL_OV,Individual and collective dismissals (regular contracts),0_TO_6,0-6 scale,VERSION4,Version 4 (2013-2019),2014,,2.2063918,,F,Free (free for publication),2,Two,A,Normal value,0,Units
DATAFLOW,OECD.ELS.JAI:DSD_EPL@DF_EPL(1.0),Strictness of employment protection,I,A,Annual,ARG,Argentina,EPL_OV,Individual and collective dismissals (regular contracts),0_TO_6,0-6 scale,VERSION4,Version 4 (2013-2019),2014,,2.5987003,,F,Free (free for publication),2,Two,A,Normal value,0,Units
DATAFLOW,OECD.ELS.JAI:DSD_EPL@DF_EPL(1.0),Strictness of employment protection,I,A,Annual,PRY,Paraguay,EPL_OV,Individual and collective dismissals (regular contracts),0_TO_6,0-6 scale,VERSION4,Version 4 (2013-2019),2014,,2.0196643,,F,Free (free for publication),2,Two,A,Normal value,0,Units
DATAFLOW,OECD.ELS.JAI:DSD_EPL@DF_EPL(1.0),Strictness of employment protection,I,A,Annual,PER,Peru,EPL_OV,Individual and collective dismissals (regular contracts),0_TO_6,0-6 scale,VERSION4,Version 4 (2013-2019),2014,,1.8035361,,F,Free (free for publication),2,Two,A,Normal value,0,Units
DATAFLOW,OECD.ELS.JAI:DSD_EPL@DF_EPL(1.0),Strictness of employment protection,I,A,Annual,URY,Uruguay,EPL_OV,Individual and collective dismissals (regular contracts),0_TO_6,0-6 scale,VERSION4,Version 4 (2013-2019),2014,,0.72222221,,F,Free (free for publication),2,Two,A,Normal value,0,Units
DATAFLOW,OECD.ELS.JAI:DSD_EPL@DF_EPL(1.0),Strictness of employment protection,I,A,Annual,AUS,Australia,EPL_OV,Individual and collective dismissals (regular contracts),0_TO_6,0-6 scale,VERSION4,Version 4 (2013-2019),2015,,1.7000779,,F,Free (free for publication),2,Two,A,Normal value,0,Units
DATAFLOW,OECD.ELS.JAI:DSD_EPL@DF_EPL(1.0),Strictness of employment protection,I,A,Annual,AUT,Austria,EPL_OV,Individual and collective dismissals (regular contracts),0_TO_6,0-6 scale,VERSION4,Version 4 (2013-2019),2015,,1.8006307,,F,Free (free for publication),2,Two,A,Normal value,0,Units
DATAFLOW,OECD.ELS.JAI:DSD_EPL@DF_EPL(1.0),Strictness of employment protection,I,A,Annual,BEL,Belgium,EPL_OV,Individual and collective dismissals (regular contracts),0_TO_6,0-6 scale,VERSION4,Version 4 (2013-2019),2015,,2.5532684,,F,Free (free for publication),2,Two,A,Normal value,0,Units
DATAFLOW,OECD.ELS.JAI:DSD_EPL@DF_EPL(1.0),Strictness of employment protection,I,A,Annual,CAN,Canada,EPL_OV,Individual and collective dismissals (regular contracts),0_TO_6,0-6 scale,VERSION4,Version 4 (2013-2019),2015,,1.0178068,,F,Free (free for publication),2,Two,A,Normal value,0,Units
DATAFLOW,OECD.ELS.JAI:DSD_EPL@DF_EPL(1.0),Strictness of employment protection,I,A,Annual,CHL,Chile,EPL_OV,Individual and collective dismissals (regular contracts),0_TO_6,0-6 scale,VERSION4,Version 4 (2013-2019),2015,,2.3417659,,F,Free (free for publication),2,Two,A,Normal value,0,Units
DATAFLOW,OECD.ELS.JAI:DSD_EPL@DF_EPL(1.0),Strictness of employment protection,I,A,Annual,COL,Colombia,EPL_OV,Individual and collective dismissals (regular contracts),0_TO_6,0-6 scale,VERSION4,Version 4 (2013-2019),2015,,1.4358112,,F,Free (free for publication),2,Two,A,Normal value,0,Units
DATAFLOW,OECD.ELS.JAI:DSD_EPL@DF_EPL(1.0),Strictness of employment protection,I,A,Annual,CRI,Costa Rica,EPL_OV,Individual and collective dismissals (regular contracts),0_TO_6,0-6 scale,VERSION4,Version 4 (2013-2019),2015,,0.63690478,,F,Free (free for publication),2,Two,A,Normal value,0,Units
DATAFLOW,OECD.ELS.JAI:DSD_EPL@DF_EPL(1.0),Strictness of employment protection,I,A,Annual,CZE,Czechia,EPL_OV,Individual and collective dismissals (regular contracts),0_TO_6,0-6 scale,VERSION4,Version 4 (2013-2019),2015,,3.0252621,,F,Free (free for publication),2,Two,A,Normal value,0,Units
DATAFLOW,OECD.ELS.JAI:DSD_EPL@DF_EPL(1.0),Strictness of employment protection,I,A,Annual,DNK,Denmark,EPL_OV,Individual and collective dismissals (regular contracts),0_TO_6,0-6 scale,VERSION4,Version 4 (2013-2019),2015,,1.937693,,F,Free (free for publication),2,Two,A,Normal value,0,Units
DATAFLOW,OECD.ELS.JAI:DSD_EPL@DF_EPL(1.0),Strictness of employment protection,I,A,Annual,EST,Estonia,EPL_OV,Individual and collective dismissals (regular contracts),0_TO_6,0-6 scale,VERSION4,Version 4 (2013-2019),2015,,1.9342227,,F,Free (free for publication),2,Two,A,Normal value,0,Units
DATAFLOW,OECD.ELS.JAI:DSD_EPL@DF_EPL(1.0),Strictness of employment protection,I,A,Annual,FIN,Finland,EPL_OV,Individual and collective dismissals (regular contracts),0_TO_6,0-6 scale,VERSION4,Version 4 (2013-2019),2015,,2.5180166,,F,Free (free for publication),2,Two,A,Normal value,0,Units
DATAFLOW,OECD.ELS.JAI:DSD_EPL@DF_EPL(1.0),Strictness of employment protection,I,A,Annual,FRA,France,EPL_OV,Individual and collective dismissals (regular contracts),0_TO_6,0-6 scale,VERSION4,Version 4 (2013-2019),2015,,2.8751137,,F,Free (free for publication),2,Two,A,Normal value,0,Units
DATAFLOW,OECD.ELS.JAI:DSD_EPL@DF_EPL(1.0),Strictness of employment protection,I,A,Annual,DEU,Germany,EPL_OV,Individual and collective dismissals (regular contracts),0_TO_6,0-6 scale,VERSION4,Version 4 (2013-2019),2015,,2.3324111,,F,Free (free for publication),2,Two,A,Normal value,0,Units
DATAFLOW,OECD.ELS.JAI:DSD_EPL@DF_EPL(1.0),Strictness of employment protection,I,A,Annual,GRC,Greece,EPL_OV,Individual and collective dismissals (regular contracts),0_TO_6,0-6 scale,VERSION4,Version 4 (2013-2019),2015,,2.55652,,F,Free (free for publication),2,Two,A,Normal value,0,Units
DATAFLOW,OECD.ELS.JAI:DSD_EPL@DF_EPL(1.0),Strictness of employment protection,I,A,Annual,HUN,Hungary,EPL_OV,Individual and collective dismissals (regular contracts),0_TO_6,0-6 scale,VERSION4,Version 4 (2013-2019),2015,,1.7673346,,F,Free (free for publication),2,Two,A,Normal value,0,Units
DATAFLOW,OECD.ELS.JAI:DSD_EPL@DF_EPL(1.0),Strictness of employment protection,I,A,Annual,ISL,Iceland,EPL_OV,Individual and collective dismissals (regular contracts),0_TO_6,0-6 scale,VERSION4,Version 4 (2013-2019),2015,,2.2030895,,F,Free (free for publication),2,Two,A,Normal value,0,Units
DATAFLOW,OECD.ELS.JAI:DSD_EPL@DF_EPL(1.0),Strictness of employment protection,I,A,Annual,IRL,Ireland,EPL_OV,Individual and collective dismissals (regular contracts),0_TO_6,0-6 scale,VERSION4,Version 4 (2013-2019),2015,,2.1349294,,F,Free (free for publication),2,Two,A,Normal value,0,Units
DATAFLOW,OECD.ELS.JAI:DSD_EPL@DF_EPL(1.0),Strictness of employment protection,I,A,Annual,ISR,Israel,EPL_OV,Individual and collective dismissals (regular contracts),0_TO_6,0-6 scale,VERSION4,Version 4 (2013-2019),2015,,2.8320932,,F,Free (free for publication),2,Two,A,Normal value,0,Units
DATAFLOW,OECD.ELS.JAI:DSD_EPL@DF_EPL(1.0),Strictness of employment protection,I,A,Annual,ITA,Italy,EPL_OV,Individual and collective dismissals (regular contracts),0_TO_6,0-6 scale,VERSION4,Version 4 (2013-2019),2015,,3.103653,,F,Free (free for publication),2,Two,A,Normal value,0,Units
DATAFLOW,OECD.ELS.JAI:DSD_EPL@DF_EPL(1.0),Strictness of employment protection,I,A,Annual,JPN,Japan,EPL_OV,Individual and collective dismissals (regular contracts),0_TO_6,0-6 scale,VERSION4,Version 4 (2013-2019),2015,,2.0809152,,F,Free (free for publication),2,Two,A,Normal value,0,Units
DATAFLOW,OECD.ELS.JAI:DSD_EPL@DF_EPL(1.0),Strictness of employment protection,I,A,Annual,KOR,Korea,EPL_OV,Individual and collective dismissals (regular contracts),0_TO_6,0-6 scale,VERSION4,Version 4 (2013-2019),2015,,2.3859482,,F,Free (free for publication),2,Two,A,Normal value,0,Units
DATAFLOW,OECD.ELS.JAI:DSD_EPL@DF_EPL(1.0),Strictness of employment protection,I,A,Annual,LVA,Latvia,EPL_OV,Individual and collective dismissals (regular contracts),0_TO_6,0-6 scale,VERSION4,Version 4 (2013-2019),2015,,2.7081208,,F,Free (free for publication),2,Two,A,Normal value,0,Units
DATAFLOW,OECD.ELS.JAI:DSD_EPL@DF_EPL(1.0),Strictness of employment protection,I,A,Annual,LTU,Lithuania,EPL_OV,Individual and collective dismissals (regular contracts),0_TO_6,0-6 scale,VERSION4,Version 4 (2013-2019),2015,,2.1355896,,F,Free (free for publication),2,Two,A,Normal value,0,Units
DATAFLOW,OECD.ELS.JAI:DSD_EPL@DF_EPL(1.0),Strictness of employment protection,I,A,Annual,LUX,Luxembourg,EPL_OV,Individual and collective dismissals (regular contracts),0_TO_6,0-6 scale,VERSION4,Version 4 (2013-2019),2015,,2.5418367,,F,Free (free for publication),2,Two,A,Normal value,0,Units
DATAFLOW,OECD.ELS.JAI:DSD_EPL@DF_EPL(1.0),Strictness of employment protection,I,A,Annual,MEX,Mexico,EPL_OV,Individual and collective dismissals (regular contracts),0_TO_6,0-6 scale,VERSION4,Version 4 (2013-2019),2015,,2.4308035,,F,Free (free for publication),2,Two,A,Normal value,0,Units
DATAFLOW,OECD.ELS.JAI:DSD_EPL@DF_EPL(1.0),Strictness of employment protection,I,A,Annual,NLD,Netherlands,EPL_OV,Individual and collective dismissals (regular contracts),0_TO_6,0-6 scale,VERSION4,Version 4 (2013-2019),2015,,2.5517325,,F,Free (free for publication),2,Two,A,Normal value,0,Units
DATAFLOW,OECD.ELS.JAI:DSD_EPL@DF_EPL(1.0),Strictness of employment protection,I,A,Annual,NZL,New Zealand,EPL_OV,Individual and collective dismissals (regular contracts),0_TO_6,0-6 scale,VERSION4,Version 4 (2013-2019),2015,,2.085778,,F,Free (free for publication),2,Two,A,Normal value,0,Units
DATAFLOW,OECD.ELS.JAI:DSD_EPL@DF_EPL(1.0),Strictness of employment protection,I,A,Annual,NOR,Norway,EPL_OV,Individual and collective dismissals (regular contracts),0_TO_6,0-6 scale,VERSION4,Version 4 (2013-2019),2015,,2.3734853,,F,Free (free for publication),2,Two,A,Normal value,0,Units
DATAFLOW,OECD.ELS.JAI:DSD_EPL@DF_EPL(1.0),Strictness of employment protection,I,A,Annual,POL,Poland,EPL_OV,Individual and collective dismissals (regular contracts),0_TO_6,0-6 scale,VERSION4,Version 4 (2013-2019),2015,,2.4210324,,F,Free (free for publication),2,Two,A,Normal value,0,Units
DATAFLOW,OECD.ELS.JAI:DSD_EPL@DF_EPL(1.0),Strictness of employment protection,I,A,Annual,PRT,Portugal,EPL_OV,Individual and collective dismissals (regular contracts),0_TO_6,0-6 scale,VERSION4,Version 4 (2013-2019),2015,,2.871758,,F,Free (free for publication),2,Two,A,Normal value,0,Units
DATAFLOW,OECD.ELS.JAI:DSD_EPL@DF_EPL(1.0),Strictness of employment protection,I,A,Annual,SVK,Slovak Republic,EPL_OV,Individual and collective dismissals (regular contracts),0_TO_6,0-6 scale,VERSION4,Version 4 (2013-2019),2015,,2.330605,,F,Free (free for publication),2,Two,A,Normal value,0,Units
DATAFLOW,OECD.ELS.JAI:DSD_EPL@DF_EPL(1.0),Strictness of employment protection,I,A,Annual,SVN,Slovenia,EPL_OV,Individual and collective dismissals (regular contracts),0_TO_6,0-6 scale,VERSION4,Version 4 (2013-2019),2015,,2.3406281,,F,Free (free for publication),2,Two,A,Normal value,0,Units
DATAFLOW,OECD.ELS.JAI:DSD_EPL@DF_EPL(1.0),Strictness of employment protection,I,A,Annual,ESP,Spain,EPL_OV,Individual and collective dismissals (regular contracts),0_TO_6,0-6 scale,VERSION4,Version 4 (2013-2019),2015,,2.3922486,,F,Free (free for publication),2,Two,A,Normal value,0,Units
DATAFLOW,OECD.ELS.JAI:DSD_EPL@DF_EPL(1.0),Strictness of employment protection,I,A,Annual,SWE,Sweden,EPL_OV,Individual and collective dismissals (regular contracts),0_TO_6,0-6 scale,VERSION4,Version 4 (2013-2019),2015,,2.5444055,,F,Free (free for publication),2,Two,A,Normal value,0,Units
DATAFLOW,OECD.ELS.JAI:DSD_EPL@DF_EPL(1.0),Strictness of employment protection,I,A,Annual,CHE,Switzerland,EPL_OV,Individual and collective dismissals (regular contracts),0_TO_6,0-6 scale,VERSION4,Version 4 (2013-2019),2015,,1.6069735,,F,Free (free for publication),2,Two,A,Normal value,0,Units
DATAFLOW,OECD.ELS.JAI:DSD_EPL@DF_EPL(1.0),Strictness of employment protection,I,A,Annual,TUR,Türkiye,EPL_OV,Individual and collective dismissals (regular contracts),0_TO_6,0-6 scale,VERSION4,Version 4 (2013-2019),2015,,2.9496608,,F,Free (free for publication),2,Two,A,Normal value,0,Units
DATAFLOW,OECD.ELS.JAI:DSD_EPL@DF_EPL(1.0),Strictness of employment protection,I,A,Annual,GBR,United Kingdom,EPL_OV,Individual and collective dismissals (regular contracts),0_TO_6,0-6 scale,VERSION4,Version 4 (2013-2019),2015,,1.9017237,,F,Free (free for publication),2,Two,A,Normal value,0,Units
DATAFLOW,OECD.ELS.JAI:DSD_EPL@DF_EPL(1.0),Strictness of employment protection,I,A,Annual,USA,United States,EPL_OV,Individual and collective dismissals (regular contracts),0_TO_6,0-6 scale,VERSION4,Version 4 (2013-2019),2015,,0.76577598,,F,Free (free for publication),2,Two,A,Normal value,0,Units
DATAFLOW,OECD.ELS.JAI:DSD_EPL@DF_EPL(1.0),Strictness of employment protection,I,A,Annual,OECD,OECD,EPL_OV,Individual and collective dismissals (regular contracts),0_TO_6,0-6 scale,VERSION4,Version 4 (2013-2019),2015,,2.2138323,,F,Free (free for publication),2,Two,A,Normal value,0,Units
DATAFLOW,OECD.ELS.JAI:DSD_EPL@DF_EPL(1.0),Strictness of employment protection,I,A,Annual,ARG,Argentina,EPL_OV,Individual and collective dismissals (regular contracts),0_TO_6,0-6 scale,VERSION4,Version 4 (2013-2019),2015,,2.5987003,,F,Free (free for publication),2,Two,A,Normal value,0,Units
DATAFLOW,OECD.ELS.JAI:DSD_EPL@DF_EPL(1.0),Strictness of employment protection,I,A,Annual,PRY,Paraguay,EPL_OV,Individual and collective dismissals (regular contracts),0_TO_6,0-6 scale,VERSION4,Version 4 (2013-2019),2015,,2.0196643,,F,Free (free for publication),2,Two,A,Normal value,0,Units
DATAFLOW,OECD.ELS.JAI:DSD_EPL@DF_EPL(1.0),Strictness of employment protection,I,A,Annual,PER,Peru,EPL_OV,Individual and collective dismissals (regular contracts),0_TO_6,0-6 scale,VERSION4,Version 4 (2013-2019),2015,,1.8035361,,F,Free (free for publication),2,Two,A,Normal value,0,Units
DATAFLOW,OECD.ELS.JAI:DSD_EPL@DF_EPL(1.0),Strictness of employment protection,I,A,Annual,URY,Uruguay,EPL_OV,Individual and collective dismissals (regular contracts),0_TO_6,0-6 scale,VERSION4,Version 4 (2013-2019),2015,,0.72222221,,F,Free (free for publication),2,Two,A,Normal value,0,Units
DATAFLOW,OECD.ELS.JAI:DSD_EPL@DF_EPL(1.0),Strictness of employment protection,I,A,Annual,AUS,Australia,EPL_OV,Individual and collective dismissals (regular contracts),0_TO_6,0-6 scale,VERSION4,Version 4 (2013-2019),2016,,1.7000779,,F,Free (free for publication),2,Two,A,Normal value,0,Units
DATAFLOW,OECD.ELS.JAI:DSD_EPL@DF_EPL(1.0),Strictness of employment protection,I,A,Annual,AUT,Austria,EPL_OV,Individual and collective dismissals (regular contracts),0_TO_6,0-6 scale,VERSION4,Version 4 (2013-2019),2016,,1.8006307,,F,Free (free for publication),2,Two,A,Normal value,0,Units
DATAFLOW,OECD.ELS.JAI:DSD_EPL@DF_EPL(1.0),Strictness of employment protection,I,A,Annual,BEL,Belgium,EPL_OV,Individual and collective dismissals (regular contracts),0_TO_6,0-6 scale,VERSION4,Version 4 (2013-2019),2016,,2.5532684,,F,Free (free for publication),2,Two,A,Normal value,0,Units
DATAFLOW,OECD.ELS.JAI:DSD_EPL@DF_EPL(1.0),Strictness of employment protection,I,A,Annual,CAN,Canada,EPL_OV,Individual and collective dismissals (regular contracts),0_TO_6,0-6 scale,VERSION4,Version 4 (2013-2019),2016,,1.0178068,,F,Free (free for publication),2,Two,A,Normal value,0,Units
DATAFLOW,OECD.ELS.JAI:DSD_EPL@DF_EPL(1.0),Strictness of employment protection,I,A,Annual,CHL,Chile,EPL_OV,Individual and collective dismissals (regular contracts),0_TO_6,0-6 scale,VERSION4,Version 4 (2013-2019),2016,,2.3417659,,F,Free (free for publication),2,Two,A,Normal value,0,Units
DATAFLOW,OECD.ELS.JAI:DSD_EPL@DF_EPL(1.0),Strictness of employment protection,I,A,Annual,COL,Colombia,EPL_OV,Individual and collective dismissals (regular contracts),0_TO_6,0-6 scale,VERSION4,Version 4 (2013-2019),2016,,1.4358112,,F,Free (free for publication),2,Two,A,Normal value,0,Units
DATAFLOW,OECD.ELS.JAI:DSD_EPL@DF_EPL(1.0),Strictness of employment protection,I,A,Annual,CRI,Costa Rica,EPL_OV,Individual and collective dismissals (regular contracts),0_TO_6,0-6 scale,VERSION4,Version 4 (2013-2019),2016,,0.63690478,,F,Free (free for publication),2,Two,A,Normal value,0,Units
DATAFLOW,OECD.ELS.JAI:DSD_EPL@DF_EPL(1.0),Strictness of employment protection,I,A,Annual,CZE,Czechia,EPL_OV,Individual and collective dismissals (regular contracts),0_TO_6,0-6 scale,VERSION4,Version 4 (2013-2019),2016,,3.0252621,,F,Free (free for publication),2,Two,A,Normal value,0,Units
DATAFLOW,OECD.ELS.JAI:DSD_EPL@DF_EPL(1.0),Strictness of employment protection,I,A,Annual,DNK,Denmark,EPL_OV,Individual and collective dismissals (regular contracts),0_TO_6,0-6 scale,VERSION4,Version 4 (2013-2019),2016,,1.937693,,F,Free (free for publication),2,Two,A,Normal value,0,Units
DATAFLOW,OECD.ELS.JAI:DSD_EPL@DF_EPL(1.0),Strictness of employment protection,I,A,Annual,EST,Estonia,EPL_OV,Individual and collective dismissals (regular contracts),0_TO_6,0-6 scale,VERSION4,Version 4 (2013-2019),2016,,1.9342227,,F,Free (free for publication),2,Two,A,Normal value,0,Units
DATAFLOW,OECD.ELS.JAI:DSD_EPL@DF_EPL(1.0),Strictness of employment protection,I,A,Annual,FIN,Finland,EPL_OV,Individual and collective dismissals (regular contracts),0_TO_6,0-6 scale,VERSION4,Version 4 (2013-2019),2016,,2.5180166,,F,Free (free for publication),2,Two,A,Normal value,0,Units
DATAFLOW,OECD.ELS.JAI:DSD_EPL@DF_EPL(1.0),Strictness of employment protection,I,A,Annual,FRA,France,EPL_OV,Individual and collective dismissals (regular contracts),0_TO_6,0-6 scale,VERSION4,Version 4 (2013-2019),2016,,2.8751137,,F,Free (free for publication),2,Two,A,Normal value,0,Units
DATAFLOW,OECD.ELS.JAI:DSD_EPL@DF_EPL(1.0),Strictness of employment protection,I,A,Annual,DEU,Germany,EPL_OV,Individual and collective dismissals (regular contracts),0_TO_6,0-6 scale,VERSION4,Version 4 (2013-2019),2016,,2.3324111,,F,Free (free for publication),2,Two,A,Normal value,0,Units
DATAFLOW,OECD.ELS.JAI:DSD_EPL@DF_EPL(1.0),Strictness of employment protection,I,A,Annual,GRC,Greece,EPL_OV,Individual and collective dismissals (regular contracts),0_TO_6,0-6 scale,VERSION4,Version 4 (2013-2019),2016,,2.55652,,F,Free (free for publication),2,Two,A,Normal value,0,Units
DATAFLOW,OECD.ELS.JAI:DSD_EPL@DF_EPL(1.0),Strictness of employment protection,I,A,Annual,HUN,Hungary,EPL_OV,Individual and collective dismissals (regular contracts),0_TO_6,0-6 scale,VERSION4,Version 4 (2013-2019),2016,,1.7673346,,F,Free (free for publication),2,Two,A,Normal value,0,Units
DATAFLOW,OECD.ELS.JAI:DSD_EPL@DF_EPL(1.0),Strictness of employment protection,I,A,Annual,ISL,Iceland,EPL_OV,Individual and collective dismissals (regular contracts),0_TO_6,0-6 scale,VERSION4,Version 4 (2013-2019),2016,,2.2030895,,F,Free (free for publication),2,Two,A,Normal value,0,Units
DATAFLOW,OECD.ELS.JAI:DSD_EPL@DF_EPL(1.0),Strictness of employment protection,I,A,Annual,IRL,Ireland,EPL_OV,Individual and collective dismissals (regular contracts),0_TO_6,0-6 scale,VERSION4,Version 4 (2013-2019),2016,,2.1349294,,F,Free (free for publication),2,Two,A,Normal value,0,Units
DATAFLOW,OECD.ELS.JAI:DSD_EPL@DF_EPL(1.0),Strictness of employment protection,I,A,Annual,ISR,Israel,EPL_OV,Individual and collective dismissals (regular contracts),0_TO_6,0-6 scale,VERSION4,Version 4 (2013-2019),2016,,2.8320932,,F,Free (free for publication),2,Two,A,Normal value,0,Units
DATAFLOW,OECD.ELS.JAI:DSD_EPL@DF_EPL(1.0),Strictness of employment protection,I,A,Annual,ITA,Italy,EPL_OV,Individual and collective dismissals (regular contracts),0_TO_6,0-6 scale,VERSION4,Version 4 (2013-2019),2016,,2.8313315,,F,Free (free for publication),2,Two,A,Normal value,0,Units
DATAFLOW,OECD.ELS.JAI:DSD_EPL@DF_EPL(1.0),Strictness of employment protection,I,A,Annual,JPN,Japan,EPL_OV,Individual and collective dismissals (regular contracts),0_TO_6,0-6 scale,VERSION4,Version 4 (2013-2019),2016,,2.0809152,,F,Free (free for publication),2,Two,A,Normal value,0,Units
DATAFLOW,OECD.ELS.JAI:DSD_EPL@DF_EPL(1.0),Strictness of employment protection,I,A,Annual,KOR,Korea,EPL_OV,Individual and collective dismissals (regular contracts),0_TO_6,0-6 scale,VERSION4,Version 4 (2013-2019),2016,,2.3859482,,F,Free (free for publication),2,Two,A,Normal value,0,Units
DATAFLOW,OECD.ELS.JAI:DSD_EPL@DF_EPL(1.0),Strictness of employment protection,I,A,Annual,LVA,Latvia,EPL_OV,Individual and collective dismissals (regular contracts),0_TO_6,0-6 scale,VERSION4,Version 4 (2013-2019),2016,,2.7081208,,F,Free (free for publication),2,Two,A,Normal value,0,Units
DATAFLOW,OECD.ELS.JAI:DSD_EPL@DF_EPL(1.0),Strictness of employment protection,I,A,Annual,LTU,Lithuania,EPL_OV,Individual and collective dismissals (regular contracts),0_TO_6,0-6 scale,VERSION4,Version 4 (2013-2019),2016,,2.1355896,,F,Free (free for publication),2,Two,A,Normal value,0,Units
DATAFLOW,OECD.ELS.JAI:DSD_EPL@DF_EPL(1.0),Strictness of employment protection,I,A,Annual,LUX,Luxembourg,EPL_OV,Individual and collective dismissals (regular contracts),0_TO_6,0-6 scale,VERSION4,Version 4 (2013-2019),2016,,2.5418367,,F,Free (free for publication),2,Two,A,Normal value,0,Units
DATAFLOW,OECD.ELS.JAI:DSD_EPL@DF_EPL(1.0),Strictness of employment protection,I,A,Annual,MEX,Mexico,EPL_OV,Individual and collective dismissals (regular contracts),0_TO_6,0-6 scale,VERSION4,Version 4 (2013-2019),2016,,2.4308035,,F,Free (free for publication),2,Two,A,Normal value,0,Units
DATAFLOW,OECD.ELS.JAI:DSD_EPL@DF_EPL(1.0),Strictness of employment protection,I,A,Annual,NLD,Netherlands,EPL_OV,Individual and collective dismissals (regular contracts),0_TO_6,0-6 scale,VERSION4,Version 4 (2013-2019),2016,,2.7915869,,F,Free (free for publication),2,Two,A,Normal value,0,Units
DATAFLOW,OECD.ELS.JAI:DSD_EPL@DF_EPL(1.0),Strictness of employment protection,I,A,Annual,NZL,New Zealand,EPL_OV,Individual and collective dismissals (regular contracts),0_TO_6,0-6 scale,VERSION4,Version 4 (2013-2019),2016,,2.085778,,F,Free (free for publication),2,Two,A,Normal value,0,Units
DATAFLOW,OECD.ELS.JAI:DSD_EPL@DF_EPL(1.0),Strictness of employment protection,I,A,Annual,NOR,Norway,EPL_OV,Individual and collective dismissals (regular contracts),0_TO_6,0-6 scale,VERSION4,Version 4 (2013-2019),2016,,2.3734853,,F,Free (free for publication),2,Two,A,Normal value,0,Units
DATAFLOW,OECD.ELS.JAI:DSD_EPL@DF_EPL(1.0),Strictness of employment protection,I,A,Annual,POL,Poland,EPL_OV,Individual and collective dismissals (regular contracts),0_TO_6,0-6 scale,VERSION4,Version 4 (2013-2019),2016,,2.4210324,,F,Free (free for publication),2,Two,A,Normal value,0,Units
DATAFLOW,OECD.ELS.JAI:DSD_EPL@DF_EPL(1.0),Strictness of employment protection,I,A,Annual,PRT,Portugal,EPL_OV,Individual and collective dismissals (regular contracts),0_TO_6,0-6 scale,VERSION4,Version 4 (2013-2019),2016,,2.871758,,F,Free (free for publication),2,Two,A,Normal value,0,Units
DATAFLOW,OECD.ELS.JAI:DSD_EPL@DF_EPL(1.0),Strictness of employment protection,I,A,Annual,SVK,Slovak Republic,EPL_OV,Individual and collective dismissals (regular contracts),0_TO_6,0-6 scale,VERSION4,Version 4 (2013-2019),2016,,2.330605,,F,Free (free for publication),2,Two,A,Normal value,0,Units
DATAFLOW,OECD.ELS.JAI:DSD_EPL@DF_EPL(1.0),Strictness of employment protection,I,A,Annual,SVN,Slovenia,EPL_OV,Individual and collective dismissals (regular contracts),0_TO_6,0-6 scale,VERSION4,Version 4 (2013-2019),2016,,2.3406281,,F,Free (free for publication),2,Two,A,Normal value,0,Units
DATAFLOW,OECD.ELS.JAI:DSD_EPL@DF_EPL(1.0),Strictness of employment protection,I,A,Annual,ESP,Spain,EPL_OV,Individual and collective dismissals (regular contracts),0_TO_6,0-6 scale,VERSION4,Version 4 (2013-2019),2016,,2.3922486,,F,Free (free for publication),2,Two,A,Normal value,0,Units
DATAFLOW,OECD.ELS.JAI:DSD_EPL@DF_EPL(1.0),Strictness of employment protection,I,A,Annual,SWE,Sweden,EPL_OV,Individual and collective dismissals (regular contracts),0_TO_6,0-6 scale,VERSION4,Version 4 (2013-2019),2016,,2.5444055,,F,Free (free for publication),2,Two,A,Normal value,0,Units
DATAFLOW,OECD.ELS.JAI:DSD_EPL@DF_EPL(1.0),Strictness of employment protection,I,A,Annual,CHE,Switzerland,EPL_OV,Individual and collective dismissals (regular contracts),0_TO_6,0-6 scale,VERSION4,Version 4 (2013-2019),2016,,1.6069735,,F,Free (free for publication),2,Two,A,Normal value,0,Units
DATAFLOW,OECD.ELS.JAI:DSD_EPL@DF_EPL(1.0),Strictness of employment protection,I,A,Annual,TUR,Türkiye,EPL_OV,Individual and collective dismissals (regular contracts),0_TO_6,0-6 scale,VERSION4,Version 4 (2013-2019),2016,,2.9496608,,F,Free (free for publication),2,Two,A,Normal value,0,Units
DATAFLOW,OECD.ELS.JAI:DSD_EPL@DF_EPL(1.0),Strictness of employment protection,I,A,Annual,GBR,United Kingdom,EPL_OV,Individual and collective dismissals (regular contracts),0_TO_6,0-6 scale,VERSION4,Version 4 (2013-2019),2016,,1.9017237,,F,Free (free for publication),2,Two,A,Normal value,0,Units
DATAFLOW,OECD.ELS.JAI:DSD_EPL@DF_EPL(1.0),Strictness of employment protection,I,A,Annual,USA,United States,EPL_OV,Individual and collective dismissals (regular contracts),0_TO_6,0-6 scale,VERSION4,Version 4 (2013-2019),2016,,0.76577598,,F,Free (free for publication),2,Two,A,Normal value,0,Units
DATAFLOW,OECD.ELS.JAI:DSD_EPL@DF_EPL(1.0),Strictness of employment protection,I,A,Annual,OECD,OECD,EPL_OV,Individual and collective dismissals (regular contracts),0_TO_6,0-6 scale,VERSION4,Version 4 (2013-2019),2016,,2.2129779,,F,Free (free for publication),2,Two,A,Normal value,0,Units
DATAFLOW,OECD.ELS.JAI:DSD_EPL@DF_EPL(1.0),Strictness of employment protection,I,A,Annual,ARG,Argentina,EPL_OV,Individual and collective dismissals (regular contracts),0_TO_6,0-6 scale,VERSION4,Version 4 (2013-2019),2016,,2.5987003,,F,Free (free for publication),2,Two,A,Normal value,0,Units
DATAFLOW,OECD.ELS.JAI:DSD_EPL@DF_EPL(1.0),Strictness of employment protection,I,A,Annual,PRY,Paraguay,EPL_OV,Individual and collective dismissals (regular contracts),0_TO_6,0-6 scale,VERSION4,Version 4 (2013-2019),2016,,2.0196643,,F,Free (free for publication),2,Two,A,Normal value,0,Units
DATAFLOW,OECD.ELS.JAI:DSD_EPL@DF_EPL(1.0),Strictness of employment protection,I,A,Annual,PER,Peru,EPL_OV,Individual and collective dismissals (regular contracts),0_TO_6,0-6 scale,VERSION4,Version 4 (2013-2019),2016,,1.8035361,,F,Free (free for publication),2,Two,A,Normal value,0,Units
DATAFLOW,OECD.ELS.JAI:DSD_EPL@DF_EPL(1.0),Strictness of employment protection,I,A,Annual,URY,Uruguay,EPL_OV,Individual and collective dismissals (regular contracts),0_TO_6,0-6 scale,VERSION4,Version 4 (2013-2019),2016,,0.72222221,,F,Free (free for publication),2,Two,A,Normal value,0,Units
DATAFLOW,OECD.ELS.JAI:DSD_EPL@DF_EPL(1.0),Strictness of employment protection,I,A,Annual,AUS,Australia,EPL_OV,Individual and collective dismissals (regular contracts),0_TO_6,0-6 scale,VERSION4,Version 4 (2013-2019),2017,,1.7000779,,F,Free (free for publication),2,Two,A,Normal value,0,Units
DATAFLOW,OECD.ELS.JAI:DSD_EPL@DF_EPL(1.0),Strictness of employment protection,I,A,Annual,AUT,Austria,EPL_OV,Individual and collective dismissals (regular contracts),0_TO_6,0-6 scale,VERSION4,Version 4 (2013-2019),2017,,1.8006307,,F,Free (free for publication),2,Two,A,Normal value,0,Units
DATAFLOW,OECD.ELS.JAI:DSD_EPL@DF_EPL(1.0),Strictness of employment protection,I,A,Annual,BEL,Belgium,EPL_OV,Individual and collective dismissals (regular contracts),0_TO_6,0-6 scale,VERSION4,Version 4 (2013-2019),2017,,2.5616388,,F,Free (free for publication),2,Two,A,Normal value,0,Units
DATAFLOW,OECD.ELS.JAI:DSD_EPL@DF_EPL(1.0),Strictness of employment protection,I,A,Annual,CAN,Canada,EPL_OV,Individual and collective dismissals (regular contracts),0_TO_6,0-6 scale,VERSION4,Version 4 (2013-2019),2017,,1.0178068,,F,Free (free for publication),2,Two,A,Normal value,0,Units
DATAFLOW,OECD.ELS.JAI:DSD_EPL@DF_EPL(1.0),Strictness of employment protection,I,A,Annual,CHL,Chile,EPL_OV,Individual and collective dismissals (regular contracts),0_TO_6,0-6 scale,VERSION4,Version 4 (2013-2019),2017,,2.3417659,,F,Free (free for publication),2,Two,A,Normal value,0,Units
DATAFLOW,OECD.ELS.JAI:DSD_EPL@DF_EPL(1.0),Strictness of employment protection,I,A,Annual,COL,Colombia,EPL_OV,Individual and collective dismissals (regular contracts),0_TO_6,0-6 scale,VERSION4,Version 4 (2013-2019),2017,,1.4358112,,F,Free (free for publication),2,Two,A,Normal value,0,Units
DATAFLOW,OECD.ELS.JAI:DSD_EPL@DF_EPL(1.0),Strictness of employment protection,I,A,Annual,CRI,Costa Rica,EPL_OV,Individual and collective dismissals (regular contracts),0_TO_6,0-6 scale,VERSION4,Version 4 (2013-2019),2017,,0.63690478,,F,Free (free for publication),2,Two,A,Normal value,0,Units
DATAFLOW,OECD.ELS.JAI:DSD_EPL@DF_EPL(1.0),Strictness of employment protection,I,A,Annual,CZE,Czechia,EPL_OV,Individual and collective dismissals (regular contracts),0_TO_6,0-6 scale,VERSION4,Version 4 (2013-2019),2017,,3.0252621,,F,Free (free for publication),2,Two,A,Normal value,0,Units
DATAFLOW,OECD.ELS.JAI:DSD_EPL@DF_EPL(1.0),Strictness of employment protection,I,A,Annual,DNK,Denmark,EPL_OV,Individual and collective dismissals (regular contracts),0_TO_6,0-6 scale,VERSION4,Version 4 (2013-2019),2017,,1.937693,,F,Free (free for publication),2,Two,A,Normal value,0,Units
DATAFLOW,OECD.ELS.JAI:DSD_EPL@DF_EPL(1.0),Strictness of employment protection,I,A,Annual,EST,Estonia,EPL_OV,Individual and collective dismissals (regular contracts),0_TO_6,0-6 scale,VERSION4,Version 4 (2013-2019),2017,,1.9342227,,F,Free (free for publication),2,Two,A,Normal value,0,Units
DATAFLOW,OECD.ELS.JAI:DSD_EPL@DF_EPL(1.0),Strictness of employment protection,I,A,Annual,FIN,Finland,EPL_OV,Individual and collective dismissals (regular contracts),0_TO_6,0-6 scale,VERSION4,Version 4 (2013-2019),2017,,2.4797511,,F,Free (free for publication),2,Two,A,Normal value,0,Units
DATAFLOW,OECD.ELS.JAI:DSD_EPL@DF_EPL(1.0),Strictness of employment protection,I,A,Annual,FRA,France,EPL_OV,Individual and collective dismissals (regular contracts),0_TO_6,0-6 scale,VERSION4,Version 4 (2013-2019),2017,,2.8545086,,F,Free (free for publication),2,Two,A,Normal value,0,Units
DATAFLOW,OECD.ELS.JAI:DSD_EPL@DF_EPL(1.0),Strictness of employment protection,I,A,Annual,DEU,Germany,EPL_OV,Individual and collective dismissals (regular contracts),0_TO_6,0-6 scale,VERSION4,Version 4 (2013-2019),2017,,2.3324111,,F,Free (free for publication),2,Two,A,Normal value,0,Units
DATAFLOW,OECD.ELS.JAI:DSD_EPL@DF_EPL(1.0),Strictness of employment protection,I,A,Annual,GRC,Greece,EPL_OV,Individual and collective dismissals (regular contracts),0_TO_6,0-6 scale,VERSION4,Version 4 (2013-2019),2017,,2.55652,,F,Free (free for publication),2,Two,A,Normal value,0,Units
DATAFLOW,OECD.ELS.JAI:DSD_EPL@DF_EPL(1.0),Strictness of employment protection,I,A,Annual,HUN,Hungary,EPL_OV,Individual and collective dismissals (regular contracts),0_TO_6,0-6 scale,VERSION4,Version 4 (2013-2019),2017,,1.7673346,,F,Free (free for publication),2,Two,A,Normal value,0,Units
DATAFLOW,OECD.ELS.JAI:DSD_EPL@DF_EPL(1.0),Strictness of employment protection,I,A,Annual,ISL,Iceland,EPL_OV,Individual and collective dismissals (regular contracts),0_TO_6,0-6 scale,VERSION4,Version 4 (2013-2019),2017,,2.2030895,,F,Free (free for publication),2,Two,A,Normal value,0,Units
DATAFLOW,OECD.ELS.JAI:DSD_EPL@DF_EPL(1.0),Strictness of employment protection,I,A,Annual,IRL,Ireland,EPL_OV,Individual and collective dismissals (regular contracts),0_TO_6,0-6 scale,VERSION4,Version 4 (2013-2019),2017,,2.1349294,,F,Free (free for publication),2,Two,A,Normal value,0,Units
DATAFLOW,OECD.ELS.JAI:DSD_EPL@DF_EPL(1.0),Strictness of employment protection,I,A,Annual,ISR,Israel,EPL_OV,Individual and collective dismissals (regular contracts),0_TO_6,0-6 scale,VERSION4,Version 4 (2013-2019),2017,,2.8320932,,F,Free (free for publication),2,Two,A,Normal value,0,Units
DATAFLOW,OECD.ELS.JAI:DSD_EPL@DF_EPL(1.0),Strictness of employment protection,I,A,Annual,ITA,Italy,EPL_OV,Individual and collective dismissals (regular contracts),0_TO_6,0-6 scale,VERSION4,Version 4 (2013-2019),2017,,2.7633042,,F,Free (free for publication),2,Two,A,Normal value,0,Units
DATAFLOW,OECD.ELS.JAI:DSD_EPL@DF_EPL(1.0),Strictness of employment protection,I,A,Annual,JPN,Japan,EPL_OV,Individual and collective dismissals (regular contracts),0_TO_6,0-6 scale,VERSION4,Version 4 (2013-2019),2017,,2.0809152,,F,Free (free for publication),2,Two,A,Normal value,0,Units
DATAFLOW,OECD.ELS.JAI:DSD_EPL@DF_EPL(1.0),Strictness of employment protection,I,A,Annual,KOR,Korea,EPL_OV,Individual and collective dismissals (regular contracts),0_TO_6,0-6 scale,VERSION4,Version 4 (2013-2019),2017,,2.3859482,,F,Free (free for publication),2,Two,A,Normal value,0,Units
DATAFLOW,OECD.ELS.JAI:DSD_EPL@DF_EPL(1.0),Strictness of employment protection,I,A,Annual,LVA,Latvia,EPL_OV,Individual and collective dismissals (regular contracts),0_TO_6,0-6 scale,VERSION4,Version 4 (2013-2019),2017,,2.7081208,,F,Free (free for publication),2,Two,A,Normal value,0,Units
DATAFLOW,OECD.ELS.JAI:DSD_EPL@DF_EPL(1.0),Strictness of employment protection,I,A,Annual,LTU,Lithuania,EPL_OV,Individual and collective dismissals (regular contracts),0_TO_6,0-6 scale,VERSION4,Version 4 (2013-2019),2017,,2.1355896,,F,Free (free for publication),2,Two,A,Normal value,0,Units
DATAFLOW,OECD.ELS.JAI:DSD_EPL@DF_EPL(1.0),Strictness of employment protection,I,A,Annual,LUX,Luxembourg,EPL_OV,Individual and collective dismissals (regular contracts),0_TO_6,0-6 scale,VERSION4,Version 4 (2013-2019),2017,,2.5418367,,F,Free (free for publication),2,Two,A,Normal value,0,Units
DATAFLOW,OECD.ELS.JAI:DSD_EPL@DF_EPL(1.0),Strictness of employment protection,I,A,Annual,MEX,Mexico,EPL_OV,Individual and collective dismissals (regular contracts),0_TO_6,0-6 scale,VERSION4,Version 4 (2013-2019),2017,,2.4308035,,F,Free (free for publication),2,Two,A,Normal value,0,Units
DATAFLOW,OECD.ELS.JAI:DSD_EPL@DF_EPL(1.0),Strictness of employment protection,I,A,Annual,NLD,Netherlands,EPL_OV,Individual and collective dismissals (regular contracts),0_TO_6,0-6 scale,VERSION4,Version 4 (2013-2019),2017,,2.7915869,,F,Free (free for publication),2,Two,A,Normal value,0,Units
DATAFLOW,OECD.ELS.JAI:DSD_EPL@DF_EPL(1.0),Strictness of employment protection,I,A,Annual,NZL,New Zealand,EPL_OV,Individual and collective dismissals (regular contracts),0_TO_6,0-6 scale,VERSION4,Version 4 (2013-2019),2017,,2.085778,,F,Free (free for publication),2,Two,A,Normal value,0,Units
DATAFLOW,OECD.ELS.JAI:DSD_EPL@DF_EPL(1.0),Strictness of employment protection,I,A,Annual,NOR,Norway,EPL_OV,Individual and collective dismissals (regular contracts),0_TO_6,0-6 scale,VERSION4,Version 4 (2013-2019),2017,,2.3734853,,F,Free (free for publication),2,Two,A,Normal value,0,Units
DATAFLOW,OECD.ELS.JAI:DSD_EPL@DF_EPL(1.0),Strictness of employment protection,I,A,Annual,POL,Poland,EPL_OV,Individual and collective dismissals (regular contracts),0_TO_6,0-6 scale,VERSION4,Version 4 (2013-2019),2017,,2.4210324,,F,Free (free for publication),2,Two,A,Normal value,0,Units
DATAFLOW,OECD.ELS.JAI:DSD_EPL@DF_EPL(1.0),Strictness of employment protection,I,A,Annual,PRT,Portugal,EPL_OV,Individual and collective dismissals (regular contracts),0_TO_6,0-6 scale,VERSION4,Version 4 (2013-2019),2017,,2.871758,,F,Free (free for publication),2,Two,A,Normal value,0,Units
DATAFLOW,OECD.ELS.JAI:DSD_EPL@DF_EPL(1.0),Strictness of employment protection,I,A,Annual,SVK,Slovak Republic,EPL_OV,Individual and collective dismissals (regular contracts),0_TO_6,0-6 scale,VERSION4,Version 4 (2013-2019),2017,,2.330605,,F,Free (free for publication),2,Two,A,Normal value,0,Units
DATAFLOW,OECD.ELS.JAI:DSD_EPL@DF_EPL(1.0),Strictness of employment protection,I,A,Annual,SVN,Slovenia,EPL_OV,Individual and collective dismissals (regular contracts),0_TO_6,0-6 scale,VERSION4,Version 4 (2013-2019),2017,,2.3406281,,F,Free (free for publication),2,Two,A,Normal value,0,Units
DATAFLOW,OECD.ELS.JAI:DSD_EPL@DF_EPL(1.0),Strictness of employment protection,I,A,Annual,ESP,Spain,EPL_OV,Individual and collective dismissals (regular contracts),0_TO_6,0-6 scale,VERSION4,Version 4 (2013-2019),2017,,2.3922486,,F,Free (free for publication),2,Two,A,Normal value,0,Units
DATAFLOW,OECD.ELS.JAI:DSD_EPL@DF_EPL(1.0),Strictness of employment protection,I,A,Annual,SWE,Sweden,EPL_OV,Individual and collective dismissals (regular contracts),0_TO_6,0-6 scale,VERSION4,Version 4 (2013-2019),2017,,2.5444055,,F,Free (free for publication),2,Two,A,Normal value,0,Units
DATAFLOW,OECD.ELS.JAI:DSD_EPL@DF_EPL(1.0),Strictness of employment protection,I,A,Annual,CHE,Switzerland,EPL_OV,Individual and collective dismissals (regular contracts),0_TO_6,0-6 scale,VERSION4,Version 4 (2013-2019),2017,,1.6069735,,F,Free (free for publication),2,Two,A,Normal value,0,Units
DATAFLOW,OECD.ELS.JAI:DSD_EPL@DF_EPL(1.0),Strictness of employment protection,I,A,Annual,TUR,Türkiye,EPL_OV,Individual and collective dismissals (regular contracts),0_TO_6,0-6 scale,VERSION4,Version 4 (2013-2019),2017,,2.9496608,,F,Free (free for publication),2,Two,A,Normal value,0,Units
DATAFLOW,OECD.ELS.JAI:DSD_EPL@DF_EPL(1.0),Strictness of employment protection,I,A,Annual,GBR,United Kingdom,EPL_OV,Individual and collective dismissals (regular contracts),0_TO_6,0-6 scale,VERSION4,Version 4 (2013-2019),2017,,1.9017237,,F,Free (free for publication),2,Two,A,Normal value,0,Units
DATAFLOW,OECD.ELS.JAI:DSD_EPL@DF_EPL(1.0),Strictness of employment protection,I,A,Annual,USA,United States,EPL_OV,Individual and collective dismissals (regular contracts),0_TO_6,0-6 scale,VERSION4,Version 4 (2013-2019),2017,,0.76577598,,F,Free (free for publication),2,Two,A,Normal value,0,Units
DATAFLOW,OECD.ELS.JAI:DSD_EPL@DF_EPL(1.0),Strictness of employment protection,I,A,Annual,OECD,OECD,EPL_OV,Individual and collective dismissals (regular contracts),0_TO_6,0-6 scale,VERSION4,Version 4 (2013-2019),2017,,2.2098587,,F,Free (free for publication),2,Two,A,Normal value,0,Units
DATAFLOW,OECD.ELS.JAI:DSD_EPL@DF_EPL(1.0),Strictness of employment protection,I,A,Annual,ARG,Argentina,EPL_OV,Individual and collective dismissals (regular contracts),0_TO_6,0-6 scale,VERSION4,Version 4 (2013-2019),2017,,2.5987003,,F,Free (free for publication),2,Two,A,Normal value,0,Units
DATAFLOW,OECD.ELS.JAI:DSD_EPL@DF_EPL(1.0),Strictness of employment protection,I,A,Annual,PRY,Paraguay,EPL_OV,Individual and collective dismissals (regular contracts),0_TO_6,0-6 scale,VERSION4,Version 4 (2013-2019),2017,,2.0196643,,F,Free (free for publication),2,Two,A,Normal value,0,Units
DATAFLOW,OECD.ELS.JAI:DSD_EPL@DF_EPL(1.0),Strictness of employment protection,I,A,Annual,PER,Peru,EPL_OV,Individual and collective dismissals (regular contracts),0_TO_6,0-6 scale,VERSION4,Version 4 (2013-2019),2017,,1.8035361,,F,Free (free for publication),2,Two,A,Normal value,0,Units
DATAFLOW,OECD.ELS.JAI:DSD_EPL@DF_EPL(1.0),Strictness of employment protection,I,A,Annual,URY,Uruguay,EPL_OV,Individual and collective dismissals (regular contracts),0_TO_6,0-6 scale,VERSION4,Version 4 (2013-2019),2017,,0.72222221,,F,Free (free for publication),2,Two,A,Normal value,0,Units
DATAFLOW,OECD.ELS.JAI:DSD_EPL@DF_EPL(1.0),Strictness of employment protection,I,A,Annual,AUS,Australia,EPL_OV,Individual and collective dismissals (regular contracts),0_TO_6,0-6 scale,VERSION4,Version 4 (2013-2019),2018,,1.7000779,,F,Free (free for publication),2,Two,A,Normal value,0,Units
DATAFLOW,OECD.ELS.JAI:DSD_EPL@DF_EPL(1.0),Strictness of employment protection,I,A,Annual,AUT,Austria,EPL_OV,Individual and collective dismissals (regular contracts),0_TO_6,0-6 scale,VERSION4,Version 4 (2013-2019),2018,,1.8006307,,F,Free (free for publication),2,Two,A,Normal value,0,Units
DATAFLOW,OECD.ELS.JAI:DSD_EPL@DF_EPL(1.0),Strictness of employment protection,I,A,Annual,BEL,Belgium,EPL_OV,Individual and collective dismissals (regular contracts),0_TO_6,0-6 scale,VERSION4,Version 4 (2013-2019),2018,,2.5616388,,F,Free (free for publication),2,Two,A,Normal value,0,Units
DATAFLOW,OECD.ELS.JAI:DSD_EPL@DF_EPL(1.0),Strictness of employment protection,I,A,Annual,CAN,Canada,EPL_OV,Individual and collective dismissals (regular contracts),0_TO_6,0-6 scale,VERSION4,Version 4 (2013-2019),2018,,1.0178068,,F,Free (free for publication),2,Two,A,Normal value,0,Units
DATAFLOW,OECD.ELS.JAI:DSD_EPL@DF_EPL(1.0),Strictness of employment protection,I,A,Annual,CHL,Chile,EPL_OV,Individual and collective dismissals (regular contracts),0_TO_6,0-6 scale,VERSION4,Version 4 (2013-2019),2018,,2.3417659,,F,Free (free for publication),2,Two,A,Normal value,0,Units
DATAFLOW,OECD.ELS.JAI:DSD_EPL@DF_EPL(1.0),Strictness of employment protection,I,A,Annual,COL,Colombia,EPL_OV,Individual and collective dismissals (regular contracts),0_TO_6,0-6 scale,VERSION4,Version 4 (2013-2019),2018,,1.4358112,,F,Free (free for publication),2,Two,A,Normal value,0,Units
DATAFLOW,OECD.ELS.JAI:DSD_EPL@DF_EPL(1.0),Strictness of employment protection,I,A,Annual,CRI,Costa Rica,EPL_OV,Individual and collective dismissals (regular contracts),0_TO_6,0-6 scale,VERSION4,Version 4 (2013-2019),2018,,0.63690478,,F,Free (free for publication),2,Two,A,Normal value,0,Units
DATAFLOW,OECD.ELS.JAI:DSD_EPL@DF_EPL(1.0),Strictness of employment protection,I,A,Annual,CZE,Czechia,EPL_OV,Individual and collective dismissals (regular contracts),0_TO_6,0-6 scale,VERSION4,Version 4 (2013-2019),2018,,3.0252621,,F,Free (free for publication),2,Two,A,Normal value,0,Units
DATAFLOW,OECD.ELS.JAI:DSD_EPL@DF_EPL(1.0),Strictness of employment protection,I,A,Annual,DNK,Denmark,EPL_OV,Individual and collective dismissals (regular contracts),0_TO_6,0-6 scale,VERSION4,Version 4 (2013-2019),2018,,1.937693,,F,Free (free for publication),2,Two,A,Normal value,0,Units
DATAFLOW,OECD.ELS.JAI:DSD_EPL@DF_EPL(1.0),Strictness of employment protection,I,A,Annual,EST,Estonia,EPL_OV,Individual and collective dismissals (regular contracts),0_TO_6,0-6 scale,VERSION4,Version 4 (2013-2019),2018,,1.9342227,,F,Free (free for publication),2,Two,A,Normal value,0,Units
DATAFLOW,OECD.ELS.JAI:DSD_EPL@DF_EPL(1.0),Strictness of employment protection,I,A,Annual,FIN,Finland,EPL_OV,Individual and collective dismissals (regular contracts),0_TO_6,0-6 scale,VERSION4,Version 4 (2013-2019),2018,,2.4797511,,F,Free (free for publication),2,Two,A,Normal value,0,Units
DATAFLOW,OECD.ELS.JAI:DSD_EPL@DF_EPL(1.0),Strictness of employment protection,I,A,Annual,FRA,France,EPL_OV,Individual and collective dismissals (regular contracts),0_TO_6,0-6 scale,VERSION4,Version 4 (2013-2019),2018,,2.6759372,,F,Free (free for publication),2,Two,A,Normal value,0,Units
DATAFLOW,OECD.ELS.JAI:DSD_EPL@DF_EPL(1.0),Strictness of employment protection,I,A,Annual,DEU,Germany,EPL_OV,Individual and collective dismissals (regular contracts),0_TO_6,0-6 scale,VERSION4,Version 4 (2013-2019),2018,,2.3324111,,F,Free (free for publication),2,Two,A,Normal value,0,Units
DATAFLOW,OECD.ELS.JAI:DSD_EPL@DF_EPL(1.0),Strictness of employment protection,I,A,Annual,GRC,Greece,EPL_OV,Individual and collective dismissals (regular contracts),0_TO_6,0-6 scale,VERSION4,Version 4 (2013-2019),2018,,2.5089009,,F,Free (free for publication),2,Two,A,Normal value,0,Units
DATAFLOW,OECD.ELS.JAI:DSD_EPL@DF_EPL(1.0),Strictness of employment protection,I,A,Annual,HUN,Hungary,EPL_OV,Individual and collective dismissals (regular contracts),0_TO_6,0-6 scale,VERSION4,Version 4 (2013-2019),2018,,1.8923346,,F,Free (free for publication),2,Two,A,Normal value,0,Units
DATAFLOW,OECD.ELS.JAI:DSD_EPL@DF_EPL(1.0),Strictness of employment protection,I,A,Annual,ISL,Iceland,EPL_OV,Individual and collective dismissals (regular contracts),0_TO_6,0-6 scale,VERSION4,Version 4 (2013-2019),2018,,2.2030895,,F,Free (free for publication),2,Two,A,Normal value,0,Units
DATAFLOW,OECD.ELS.JAI:DSD_EPL@DF_EPL(1.0),Strictness of employment protection,I,A,Annual,IRL,Ireland,EPL_OV,Individual and collective dismissals (regular contracts),0_TO_6,0-6 scale,VERSION4,Version 4 (2013-2019),2018,,2.1349294,,F,Free (free for publication),2,Two,A,Normal value,0,Units
DATAFLOW,OECD.ELS.JAI:DSD_EPL@DF_EPL(1.0),Strictness of employment protection,I,A,Annual,ISR,Israel,EPL_OV,Individual and collective dismissals (regular contracts),0_TO_6,0-6 scale,VERSION4,Version 4 (2013-2019),2018,,2.8320932,,F,Free (free for publication),2,Two,A,Normal value,0,Units
DATAFLOW,OECD.ELS.JAI:DSD_EPL@DF_EPL(1.0),Strictness of employment protection,I,A,Annual,ITA,Italy,EPL_OV,Individual and collective dismissals (regular contracts),0_TO_6,0-6 scale,VERSION4,Version 4 (2013-2019),2018,,2.7633042,,F,Free (free for publication),2,Two,A,Normal value,0,Units
DATAFLOW,OECD.ELS.JAI:DSD_EPL@DF_EPL(1.0),Strictness of employment protection,I,A,Annual,JPN,Japan,EPL_OV,Individual and collective dismissals (regular contracts),0_TO_6,0-6 scale,VERSION4,Version 4 (2013-2019),2018,,2.0809152,,F,Free (free for publication),2,Two,A,Normal value,0,Units
DATAFLOW,OECD.ELS.JAI:DSD_EPL@DF_EPL(1.0),Strictness of employment protection,I,A,Annual,KOR,Korea,EPL_OV,Individual and collective dismissals (regular contracts),0_TO_6,0-6 scale,VERSION4,Version 4 (2013-2019),2018,,2.3859482,,F,Free (free for publication),2,Two,A,Normal value,0,Units
DATAFLOW,OECD.ELS.JAI:DSD_EPL@DF_EPL(1.0),Strictness of employment protection,I,A,Annual,LVA,Latvia,EPL_OV,Individual and collective dismissals (regular contracts),0_TO_6,0-6 scale,VERSION4,Version 4 (2013-2019),2018,,2.7081208,,F,Free (free for publication),2,Two,A,Normal value,0,Units
DATAFLOW,OECD.ELS.JAI:DSD_EPL@DF_EPL(1.0),Strictness of employment protection,I,A,Annual,LTU,Lithuania,EPL_OV,Individual and collective dismissals (regular contracts),0_TO_6,0-6 scale,VERSION4,Version 4 (2013-2019),2018,,1.848945,,F,Free (free for publication),2,Two,A,Normal value,0,Units
DATAFLOW,OECD.ELS.JAI:DSD_EPL@DF_EPL(1.0),Strictness of employment protection,I,A,Annual,LUX,Luxembourg,EPL_OV,Individual and collective dismissals (regular contracts),0_TO_6,0-6 scale,VERSION4,Version 4 (2013-2019),2018,,2.5418367,,F,Free (free for publication),2,Two,A,Normal value,0,Units
DATAFLOW,OECD.ELS.JAI:DSD_EPL@DF_EPL(1.0),Strictness of employment protection,I,A,Annual,MEX,Mexico,EPL_OV,Individual and collective dismissals (regular contracts),0_TO_6,0-6 scale,VERSION4,Version 4 (2013-2019),2018,,2.4308035,,F,Free (free for publication),2,Two,A,Normal value,0,Units
DATAFLOW,OECD.ELS.JAI:DSD_EPL@DF_EPL(1.0),Strictness of employment protection,I,A,Annual,NLD,Netherlands,EPL_OV,Individual and collective dismissals (regular contracts),0_TO_6,0-6 scale,VERSION4,Version 4 (2013-2019),2018,,2.7915869,,F,Free (free for publication),2,Two,A,Normal value,0,Units
DATAFLOW,OECD.ELS.JAI:DSD_EPL@DF_EPL(1.0),Strictness of employment protection,I,A,Annual,NZL,New Zealand,EPL_OV,Individual and collective dismissals (regular contracts),0_TO_6,0-6 scale,VERSION4,Version 4 (2013-2019),2018,,2.085778,,F,Free (free for publication),2,Two,A,Normal value,0,Units
DATAFLOW,OECD.ELS.JAI:DSD_EPL@DF_EPL(1.0),Strictness of employment protection,I,A,Annual,NOR,Norway,EPL_OV,Individual and collective dismissals (regular contracts),0_TO_6,0-6 scale,VERSION4,Version 4 (2013-2019),2018,,2.3734853,,F,Free (free for publication),2,Two,A,Normal value,0,Units
DATAFLOW,OECD.ELS.JAI:DSD_EPL@DF_EPL(1.0),Strictness of employment protection,I,A,Annual,POL,Poland,EPL_OV,Individual and collective dismissals (regular contracts),0_TO_6,0-6 scale,VERSION4,Version 4 (2013-2019),2018,,2.4210324,,F,Free (free for publication),2,Two,A,Normal value,0,Units
DATAFLOW,OECD.ELS.JAI:DSD_EPL@DF_EPL(1.0),Strictness of employment protection,I,A,Annual,PRT,Portugal,EPL_OV,Individual and collective dismissals (regular contracts),0_TO_6,0-6 scale,VERSION4,Version 4 (2013-2019),2018,,2.871758,,F,Free (free for publication),2,Two,A,Normal value,0,Units
DATAFLOW,OECD.ELS.JAI:DSD_EPL@DF_EPL(1.0),Strictness of employment protection,I,A,Annual,SVK,Slovak Republic,EPL_OV,Individual and collective dismissals (regular contracts),0_TO_6,0-6 scale,VERSION4,Version 4 (2013-2019),2018,,2.330605,,F,Free (free for publication),2,Two,A,Normal value,0,Units
DATAFLOW,OECD.ELS.JAI:DSD_EPL@DF_EPL(1.0),Strictness of employment protection,I,A,Annual,SVN,Slovenia,EPL_OV,Individual and collective dismissals (regular contracts),0_TO_6,0-6 scale,VERSION4,Version 4 (2013-2019),2018,,2.3406281,,F,Free (free for publication),2,Two,A,Normal value,0,Units
DATAFLOW,OECD.ELS.JAI:DSD_EPL@DF_EPL(1.0),Strictness of employment protection,I,A,Annual,ESP,Spain,EPL_OV,Individual and collective dismissals (regular contracts),0_TO_6,0-6 scale,VERSION4,Version 4 (2013-2019),2018,,2.3922486,,F,Free (free for publication),2,Two,A,Normal value,0,Units
DATAFLOW,OECD.ELS.JAI:DSD_EPL@DF_EPL(1.0),Strictness of employment protection,I,A,Annual,SWE,Sweden,EPL_OV,Individual and collective dismissals (regular contracts),0_TO_6,0-6 scale,VERSION4,Version 4 (2013-2019),2018,,2.5444055,,F,Free (free for publication),2,Two,A,Normal value,0,Units
DATAFLOW,OECD.ELS.JAI:DSD_EPL@DF_EPL(1.0),Strictness of employment protection,I,A,Annual,CHE,Switzerland,EPL_OV,Individual and collective dismissals (regular contracts),0_TO_6,0-6 scale,VERSION4,Version 4 (2013-2019),2018,,1.6069735,,F,Free (free for publication),2,Two,A,Normal value,0,Units
DATAFLOW,OECD.ELS.JAI:DSD_EPL@DF_EPL(1.0),Strictness of employment protection,I,A,Annual,TUR,Türkiye,EPL_OV,Individual and collective dismissals (regular contracts),0_TO_6,0-6 scale,VERSION4,Version 4 (2013-2019),2018,,2.9496608,,F,Free (free for publication),2,Two,A,Normal value,0,Units
DATAFLOW,OECD.ELS.JAI:DSD_EPL@DF_EPL(1.0),Strictness of employment protection,I,A,Annual,GBR,United Kingdom,EPL_OV,Individual and collective dismissals (regular contracts),0_TO_6,0-6 scale,VERSION4,Version 4 (2013-2019),2018,,1.9017237,,F,Free (free for publication),2,Two,A,Normal value,0,Units
DATAFLOW,OECD.ELS.JAI:DSD_EPL@DF_EPL(1.0),Strictness of employment protection,I,A,Annual,USA,United States,EPL_OV,Individual and collective dismissals (regular contracts),0_TO_6,0-6 scale,VERSION4,Version 4 (2013-2019),2018,,0.76577598,,F,Free (free for publication),2,Two,A,Normal value,0,Units
DATAFLOW,OECD.ELS.JAI:DSD_EPL@DF_EPL(1.0),Strictness of employment protection,I,A,Annual,OECD,OECD,EPL_OV,Individual and collective dismissals (regular contracts),0_TO_6,0-6 scale,VERSION4,Version 4 (2013-2019),2018,,2.1996525,,F,Free (free for publication),2,Two,A,Normal value,0,Units
DATAFLOW,OECD.ELS.JAI:DSD_EPL@DF_EPL(1.0),Strictness of employment protection,I,A,Annual,ARG,Argentina,EPL_OV,Individual and collective dismissals (regular contracts),0_TO_6,0-6 scale,VERSION4,Version 4 (2013-2019),2018,,2.5987003,,F,Free (free for publication),2,Two,A,Normal value,0,Units
DATAFLOW,OECD.ELS.JAI:DSD_EPL@DF_EPL(1.0),Strictness of employment protection,I,A,Annual,PRY,Paraguay,EPL_OV,Individual and collective dismissals (regular contracts),0_TO_6,0-6 scale,VERSION4,Version 4 (2013-2019),2018,,2.0196643,,F,Free (free for publication),2,Two,A,Normal value,0,Units
DATAFLOW,OECD.ELS.JAI:DSD_EPL@DF_EPL(1.0),Strictness of employment protection,I,A,Annual,PER,Peru,EPL_OV,Individual and collective dismissals (regular contracts),0_TO_6,0-6 scale,VERSION4,Version 4 (2013-2019),2018,,1.8035361,,F,Free (free for publication),2,Two,A,Normal value,0,Units
DATAFLOW,OECD.ELS.JAI:DSD_EPL@DF_EPL(1.0),Strictness of employment protection,I,A,Annual,URY,Uruguay,EPL_OV,Individual and collective dismissals (regular contracts),0_TO_6,0-6 scale,VERSION4,Version 4 (2013-2019),2018,,0.72222221,,F,Free (free for publication),2,Two,A,Normal value,0,Units
DATAFLOW,OECD.ELS.JAI:DSD_EPL@DF_EPL(1.0),Strictness of employment protection,I,A,Annual,AUS,Australia,EPL_OV,Individual and collective dismissals (regular contracts),0_TO_6,0-6 scale,VERSION4,Version 4 (2013-2019),2019,,1.7000779,,F,Free (free for publication),2,Two,A,Normal value,0,Units
DATAFLOW,OECD.ELS.JAI:DSD_EPL@DF_EPL(1.0),Strictness of employment protection,I,A,Annual,AUT,Austria,EPL_OV,Individual and collective dismissals (regular contracts),0_TO_6,0-6 scale,VERSION4,Version 4 (2013-2019),2019,,1.8006307,,F,Free (free for publication),2,Two,A,Normal value,0,Units
DATAFLOW,OECD.ELS.JAI:DSD_EPL@DF_EPL(1.0),Strictness of employment protection,I,A,Annual,BEL,Belgium,EPL_OV,Individual and collective dismissals (regular contracts),0_TO_6,0-6 scale,VERSION4,Version 4 (2013-2019),2019,,2.5911174,,F,Free (free for publication),2,Two,A,Normal value,0,Units
DATAFLOW,OECD.ELS.JAI:DSD_EPL@DF_EPL(1.0),Strictness of employment protection,I,A,Annual,CAN,Canada,EPL_OV,Individual and collective dismissals (regular contracts),0_TO_6,0-6 scale,VERSION4,Version 4 (2013-2019),2019,,1.0178068,,F,Free (free for publication),2,Two,A,Normal value,0,Units
DATAFLOW,OECD.ELS.JAI:DSD_EPL@DF_EPL(1.0),Strictness of employment protection,I,A,Annual,CHL,Chile,EPL_OV,Individual and collective dismissals (regular contracts),0_TO_6,0-6 scale,VERSION4,Version 4 (2013-2019),2019,,2.3417659,,F,Free (free for publication),2,Two,A,Normal value,0,Units
DATAFLOW,OECD.ELS.JAI:DSD_EPL@DF_EPL(1.0),Strictness of employment protection,I,A,Annual,COL,Colombia,EPL_OV,Individual and collective dismissals (regular contracts),0_TO_6,0-6 scale,VERSION4,Version 4 (2013-2019),2019,,1.4358112,,F,Free (free for publication),2,Two,A,Normal value,0,Units
DATAFLOW,OECD.ELS.JAI:DSD_EPL@DF_EPL(1.0),Strictness of employment protection,I,A,Annual,CRI,Costa Rica,EPL_OV,Individual and collective dismissals (regular contracts),0_TO_6,0-6 scale,VERSION4,Version 4 (2013-2019),2019,,0.63690478,,F,Free (free for publication),2,Two,A,Normal value,0,Units
DATAFLOW,OECD.ELS.JAI:DSD_EPL@DF_EPL(1.0),Strictness of employment protection,I,A,Annual,CZE,Czechia,EPL_OV,Individual and collective dismissals (regular contracts),0_TO_6,0-6 scale,VERSION4,Version 4 (2013-2019),2019,,3.0252621,,F,Free (free for publication),2,Two,A,Normal value,0,Units
DATAFLOW,OECD.ELS.JAI:DSD_EPL@DF_EPL(1.0),Strictness of employment protection,I,A,Annual,DNK,Denmark,EPL_OV,Individual and collective dismissals (regular contracts),0_TO_6,0-6 scale,VERSION4,Version 4 (2013-2019),2019,,1.937693,,F,Free (free for publication),2,Two,A,Normal value,0,Units
DATAFLOW,OECD.ELS.JAI:DSD_EPL@DF_EPL(1.0),Strictness of employment protection,I,A,Annual,EST,Estonia,EPL_OV,Individual and collective dismissals (regular contracts),0_TO_6,0-6 scale,VERSION4,Version 4 (2013-2019),2019,,1.9342227,,F,Free (free for publication),2,Two,A,Normal value,0,Units
DATAFLOW,OECD.ELS.JAI:DSD_EPL@DF_EPL(1.0),Strictness of employment protection,I,A,Annual,FIN,Finland,EPL_OV,Individual and collective dismissals (regular contracts),0_TO_6,0-6 scale,VERSION4,Version 4 (2013-2019),2019,,2.4797511,,F,Free (free for publication),2,Two,A,Normal value,0,Units
DATAFLOW,OECD.ELS.JAI:DSD_EPL@DF_EPL(1.0),Strictness of employment protection,I,A,Annual,FRA,France,EPL_OV,Individual and collective dismissals (regular contracts),0_TO_6,0-6 scale,VERSION4,Version 4 (2013-2019),2019,,2.6759372,,F,Free (free for publication),2,Two,A,Normal value,0,Units
DATAFLOW,OECD.ELS.JAI:DSD_EPL@DF_EPL(1.0),Strictness of employment protection,I,A,Annual,DEU,Germany,EPL_OV,Individual and collective dismissals (regular contracts),0_TO_6,0-6 scale,VERSION4,Version 4 (2013-2019),2019,,2.3324111,,F,Free (free for publication),2,Two,A,Normal value,0,Units
DATAFLOW,OECD.ELS.JAI:DSD_EPL@DF_EPL(1.0),Strictness of employment protection,I,A,Annual,GRC,Greece,EPL_OV,Individual and collective dismissals (regular contracts),0_TO_6,0-6 scale,VERSION4,Version 4 (2013-2019),2019,,2.5089009,,F,Free (free for publication),2,Two,A,Normal value,0,Units
DATAFLOW,OECD.ELS.JAI:DSD_EPL@DF_EPL(1.0),Strictness of employment protection,I,A,Annual,HUN,Hungary,EPL_OV,Individual and collective dismissals (regular contracts),0_TO_6,0-6 scale,VERSION4,Version 4 (2013-2019),2019,,1.8923346,,F,Free (free for publication),2,Two,A,Normal value,0,Units
DATAFLOW,OECD.ELS.JAI:DSD_EPL@DF_EPL(1.0),Strictness of employment protection,I,A,Annual,ISL,Iceland,EPL_OV,Individual and collective dismissals (regular contracts),0_TO_6,0-6 scale,VERSION4,Version 4 (2013-2019),2019,,2.2030895,,F,Free (free for publication),2,Two,A,Normal value,0,Units
DATAFLOW,OECD.ELS.JAI:DSD_EPL@DF_EPL(1.0),Strictness of employment protection,I,A,Annual,IRL,Ireland,EPL_OV,Individual and collective dismissals (regular contracts),0_TO_6,0-6 scale,VERSION4,Version 4 (2013-2019),2019,,2.1349294,,F,Free (free for publication),2,Two,A,Normal value,0,Units
DATAFLOW,OECD.ELS.JAI:DSD_EPL@DF_EPL(1.0),Strictness of employment protection,I,A,Annual,ISR,Israel,EPL_OV,Individual and collective dismissals (regular contracts),0_TO_6,0-6 scale,VERSION4,Version 4 (2013-2019),2019,,2.8320932,,F,Free (free for publication),2,Two,A,Normal value,0,Units
DATAFLOW,OECD.ELS.JAI:DSD_EPL@DF_EPL(1.0),Strictness of employment protection,I,A,Annual,ITA,Italy,EPL_OV,Individual and collective dismissals (regular contracts),0_TO_6,0-6 scale,VERSION4,Version 4 (2013-2019),2019,,2.8555663,,F,Free (free for publication),2,Two,A,Normal value,0,Units
DATAFLOW,OECD.ELS.JAI:DSD_EPL@DF_EPL(1.0),Strictness of employment protection,I,A,Annual,JPN,Japan,EPL_OV,Individual and collective dismissals (regular contracts),0_TO_6,0-6 scale,VERSION4,Version 4 (2013-2019),2019,,2.0809152,,F,Free (free for publication),2,Two,A,Normal value,0,Units
DATAFLOW,OECD.ELS.JAI:DSD_EPL@DF_EPL(1.0),Strictness of employment protection,I,A,Annual,KOR,Korea,EPL_OV,Individual and collective dismissals (regular contracts),0_TO_6,0-6 scale,VERSION4,Version 4 (2013-2019),2019,,2.3502338,,F,Free (free for publication),2,Two,A,Normal value,0,Units
DATAFLOW,OECD.ELS.JAI:DSD_EPL@DF_EPL(1.0),Strictness of employment protection,I,A,Annual,LVA,Latvia,EPL_OV,Individual and collective dismissals (regular contracts),0_TO_6,0-6 scale,VERSION4,Version 4 (2013-2019),2019,,2.7081208,,F,Free (free for publication),2,Two,A,Normal value,0,Units
DATAFLOW,OECD.ELS.JAI:DSD_EPL@DF_EPL(1.0),Strictness of employment protection,I,A,Annual,LTU,Lithuania,EPL_OV,Individual and collective dismissals (regular contracts),0_TO_6,0-6 scale,VERSION4,Version 4 (2013-2019),2019,,1.848945,,F,Free (free for publication),2,Two,A,Normal value,0,Units
DATAFLOW,OECD.ELS.JAI:DSD_EPL@DF_EPL(1.0),Strictness of employment protection,I,A,Annual,LUX,Luxembourg,EPL_OV,Individual and collective dismissals (regular contracts),0_TO_6,0-6 scale,VERSION4,Version 4 (2013-2019),2019,,2.5418367,,F,Free (free for publication),2,Two,A,Normal value,0,Units
DATAFLOW,OECD.ELS.JAI:DSD_EPL@DF_EPL(1.0),Strictness of employment protection,I,A,Annual,MEX,Mexico,EPL_OV,Individual and collective dismissals (regular contracts),0_TO_6,0-6 scale,VERSION4,Version 4 (2013-2019),2019,,2.4308035,,F,Free (free for publication),2,Two,A,Normal value,0,Units
DATAFLOW,OECD.ELS.JAI:DSD_EPL@DF_EPL(1.0),Strictness of employment protection,I,A,Annual,NLD,Netherlands,EPL_OV,Individual and collective dismissals (regular contracts),0_TO_6,0-6 scale,VERSION4,Version 4 (2013-2019),2019,,2.8808725,,F,Free (free for publication),2,Two,A,Normal value,0,Units
DATAFLOW,OECD.ELS.JAI:DSD_EPL@DF_EPL(1.0),Strictness of employment protection,I,A,Annual,NZL,New Zealand,EPL_OV,Individual and collective dismissals (regular contracts),0_TO_6,0-6 scale,VERSION4,Version 4 (2013-2019),2019,,2.085778,,F,Free (free for publication),2,Two,A,Normal value,0,Units
DATAFLOW,OECD.ELS.JAI:DSD_EPL@DF_EPL(1.0),Strictness of employment protection,I,A,Annual,NOR,Norway,EPL_OV,Individual and collective dismissals (regular contracts),0_TO_6,0-6 scale,VERSION4,Version 4 (2013-2019),2019,,2.3734853,,F,Free (free for publication),2,Two,A,Normal value,0,Units
DATAFLOW,OECD.ELS.JAI:DSD_EPL@DF_EPL(1.0),Strictness of employment protection,I,A,Annual,POL,Poland,EPL_OV,Individual and collective dismissals (regular contracts),0_TO_6,0-6 scale,VERSION4,Version 4 (2013-2019),2019,,2.4210324,,F,Free (free for publication),2,Two,A,Normal value,0,Units
DATAFLOW,OECD.ELS.JAI:DSD_EPL@DF_EPL(1.0),Strictness of employment protection,I,A,Annual,PRT,Portugal,EPL_OV,Individual and collective dismissals (regular contracts),0_TO_6,0-6 scale,VERSION4,Version 4 (2013-2019),2019,,2.871758,,F,Free (free for publication),2,Two,A,Normal value,0,Units
DATAFLOW,OECD.ELS.JAI:DSD_EPL@DF_EPL(1.0),Strictness of employment protection,I,A,Annual,SVK,Slovak Republic,EPL_OV,Individual and collective dismissals (regular contracts),0_TO_6,0-6 scale,VERSION4,Version 4 (2013-2019),2019,,2.330605,,F,Free (free for publication),2,Two,A,Normal value,0,Units
DATAFLOW,OECD.ELS.JAI:DSD_EPL@DF_EPL(1.0),Strictness of employment protection,I,A,Annual,SVN,Slovenia,EPL_OV,Individual and collective dismissals (regular contracts),0_TO_6,0-6 scale,VERSION4,Version 4 (2013-2019),2019,,2.3221097,,F,Free (free for publication),2,Two,A,Normal value,0,Units
DATAFLOW,OECD.ELS.JAI:DSD_EPL@DF_EPL(1.0),Strictness of employment protection,I,A,Annual,ESP,Spain,EPL_OV,Individual and collective dismissals (regular contracts),0_TO_6,0-6 scale,VERSION4,Version 4 (2013-2019),2019,,2.4305141,,F,Free (free for publication),2,Two,A,Normal value,0,Units
DATAFLOW,OECD.ELS.JAI:DSD_EPL@DF_EPL(1.0),Strictness of employment protection,I,A,Annual,SWE,Sweden,EPL_OV,Individual and collective dismissals (regular contracts),0_TO_6,0-6 scale,VERSION4,Version 4 (2013-2019),2019,,2.5444055,,F,Free (free for publication),2,Two,A,Normal value,0,Units
DATAFLOW,OECD.ELS.JAI:DSD_EPL@DF_EPL(1.0),Strictness of employment protection,I,A,Annual,CHE,Switzerland,EPL_OV,Individual and collective dismissals (regular contracts),0_TO_6,0-6 scale,VERSION4,Version 4 (2013-2019),2019,,1.6069735,,F,Free (free for publication),2,Two,A,Normal value,0,Units
DATAFLOW,OECD.ELS.JAI:DSD_EPL@DF_EPL(1.0),Strictness of employment protection,I,A,Annual,TUR,Türkiye,EPL_OV,Individual and collective dismissals (regular contracts),0_TO_6,0-6 scale,VERSION4,Version 4 (2013-2019),2019,,2.9496608,,F,Free (free for publication),2,Two,A,Normal value,0,Units
DATAFLOW,OECD.ELS.JAI:DSD_EPL@DF_EPL(1.0),Strictness of employment protection,I,A,Annual,GBR,United Kingdom,EPL_OV,Individual and collective dismissals (regular contracts),0_TO_6,0-6 scale,VERSION4,Version 4 (2013-2019),2019,,1.9017237,,F,Free (free for publication),2,Two,A,Normal value,0,Units
DATAFLOW,OECD.ELS.JAI:DSD_EPL@DF_EPL(1.0),Strictness of employment protection,I,A,Annual,USA,United States,EPL_OV,Individual and collective dismissals (regular contracts),0_TO_6,0-6 scale,VERSION4,Version 4 (2013-2019),2019,,0.76577598,,F,Free (free for publication),2,Two,A,Normal value,0,Units
DATAFLOW,OECD.ELS.JAI:DSD_EPL@DF_EPL(1.0),Strictness of employment protection,I,A,Annual,OECD,OECD,EPL_OV,Individual and collective dismissals (regular contracts),0_TO_6,0-6 scale,VERSION4,Version 4 (2013-2019),2019,,2.2047857,,F,Free (free for publication),2,Two,A,Normal value,0,Units
DATAFLOW,OECD.ELS.JAI:DSD_EPL@DF_EPL(1.0),Strictness of employment protection,I,A,Annual,ARG,Argentina,EPL_OV,Individual and collective dismissals (regular contracts),0_TO_6,0-6 scale,VERSION4,Version 4 (2013-2019),2019,,2.5987003,,F,Free (free for publication),2,Two,A,Normal value,0,Units
DATAFLOW,OECD.ELS.JAI:DSD_EPL@DF_EPL(1.0),Strictness of employment protection,I,A,Annual,PRY,Paraguay,EPL_OV,Individual and collective dismissals (regular contracts),0_TO_6,0-6 scale,VERSION4,Version 4 (2013-2019),2019,,2.0196643,,F,Free (free for publication),2,Two,A,Normal value,0,Units
DATAFLOW,OECD.ELS.JAI:DSD_EPL@DF_EPL(1.0),Strictness of employment protection,I,A,Annual,PER,Peru,EPL_OV,Individual and collective dismissals (regular contracts),0_TO_6,0-6 scale,VERSION4,Version 4 (2013-2019),2019,,1.8035361,,F,Free (free for publication),2,Two,A,Normal value,0,Units
DATAFLOW,OECD.ELS.JAI:DSD_EPL@DF_EPL(1.0),Strictness of employment protection,I,A,Annual,URY,Uruguay,EPL_OV,Individual and collective dismissals (regular contracts),0_TO_6,0-6 scale,VERSION4,Version 4 (2013-2019),2019,,0.72222221,,F,Free (free for publication),2,Two,A,Normal value,0,Units
DATAFLOW,OECD.ELS.JAI:DSD_EPL@DF_EPL(1.0),Strictness of employment protection,I,A,Annual,AUS,Australia,EPL_OV,Individual and collective dismissals (regular contracts),0_TO_6,0-6 scale,VERSION4,Version 4 (2013-2019),2020,,1.7000779,,F,Free (free for publication),2,Two,A,Normal value,0,Units
DATAFLOW,OECD.ELS.JAI:DSD_EPL@DF_EPL(1.0),Strictness of employment protection,I,A,Annual,AUT,Austria,EPL_OV,Individual and collective dismissals (regular contracts),0_TO_6,0-6 scale,VERSION4,Version 4 (2013-2019),2020,,1.8006307,,F,Free (free for publication),2,Two,A,Normal value,0,Units
DATAFLOW,OECD.ELS.JAI:DSD_EPL@DF_EPL(1.0),Strictness of employment protection,I,A,Annual,BEL,Belgium,EPL_OV,Individual and collective dismissals (regular contracts),0_TO_6,0-6 scale,VERSION4,Version 4 (2013-2019),2020,,2.5911174,,F,Free (free for publication),2,Two,A,Normal value,0,Units
DATAFLOW,OECD.ELS.JAI:DSD_EPL@DF_EPL(1.0),Strictness of employment protection,I,A,Annual,CAN,Canada,EPL_OV,Individual and collective dismissals (regular contracts),0_TO_6,0-6 scale,VERSION4,Version 4 (2013-2019),2020,,1.0178068,,F,Free (free for publication),2,Two,A,Normal value,0,Units
DATAFLOW,OECD.ELS.JAI:DSD_EPL@DF_EPL(1.0),Strictness of employment protection,I,A,Annual,CHL,Chile,EPL_OV,Individual and collective dismissals (regular contracts),0_TO_6,0-6 scale,VERSION4,Version 4 (2013-2019),2020,,2.3417659,,F,Free (free for publication),2,Two,A,Normal value,0,Units
DATAFLOW,OECD.ELS.JAI:DSD_EPL@DF_EPL(1.0),Strictness of employment protection,I,A,Annual,COL,Colombia,EPL_OV,Individual and collective dismissals (regular contracts),0_TO_6,0-6 scale,VERSION4,Version 4 (2013-2019),2020,,1.4358112,,F,Free (free for publication),2,Two,A,Normal value,0,Units
DATAFLOW,OECD.ELS.JAI:DSD_EPL@DF_EPL(1.0),Strictness of employment protection,I,A,Annual,CRI,Costa Rica,EPL_OV,Individual and collective dismissals (regular contracts),0_TO_6,0-6 scale,VERSION4,Version 4 (2013-2019),2020,,0.63690478,,F,Free (free for publication),2,Two,A,Normal value,0,Units
DATAFLOW,OECD.ELS.JAI:DSD_EPL@DF_EPL(1.0),Strictness of employment protection,I,A,Annual,CZE,Czechia,EPL_OV,Individual and collective dismissals (regular contracts),0_TO_6,0-6 scale,VERSION4,Version 4 (2013-2019),2020,,3.0252621,,F,Free (free for publication),2,Two,A,Normal value,0,Units
DATAFLOW,OECD.ELS.JAI:DSD_EPL@DF_EPL(1.0),Strictness of employment protection,I,A,Annual,DNK,Denmark,EPL_OV,Individual and collective dismissals (regular contracts),0_TO_6,0-6 scale,VERSION4,Version 4 (2013-2019),2020,,1.937693,,F,Free (free for publication),2,Two,A,Normal value,0,Units
DATAFLOW,OECD.ELS.JAI:DSD_EPL@DF_EPL(1.0),Strictness of employment protection,I,A,Annual,EST,Estonia,EPL_OV,Individual and collective dismissals (regular contracts),0_TO_6,0-6 scale,VERSION4,Version 4 (2013-2019),2020,,1.9342227,,F,Free (free for publication),2,Two,A,Normal value,0,Units
DATAFLOW,OECD.ELS.JAI:DSD_EPL@DF_EPL(1.0),Strictness of employment protection,I,A,Annual,FIN,Finland,EPL_OV,Individual and collective dismissals (regular contracts),0_TO_6,0-6 scale,VERSION4,Version 4 (2013-2019),2020,,2.4797511,,F,Free (free for publication),2,Two,A,Normal value,0,Units
DATAFLOW,OECD.ELS.JAI:DSD_EPL@DF_EPL(1.0),Strictness of employment protection,I,A,Annual,FRA,France,EPL_OV,Individual and collective dismissals (regular contracts),0_TO_6,0-6 scale,VERSION4,Version 4 (2013-2019),2020,,2.6759372,,F,Free (free for publication),2,Two,A,Normal value,0,Units
DATAFLOW,OECD.ELS.JAI:DSD_EPL@DF_EPL(1.0),Strictness of employment protection,I,A,Annual,DEU,Germany,EPL_OV,Individual and collective dismissals (regular contracts),0_TO_6,0-6 scale,VERSION4,Version 4 (2013-2019),2020,,2.3324111,,F,Free (free for publication),2,Two,A,Normal value,0,Units
DATAFLOW,OECD.ELS.JAI:DSD_EPL@DF_EPL(1.0),Strictness of employment protection,I,A,Annual,GRC,Greece,EPL_OV,Individual and collective dismissals (regular contracts),0_TO_6,0-6 scale,VERSION4,Version 4 (2013-2019),2020,,2.5089009,,F,Free (free for publication),2,Two,A,Normal value,0,Units
DATAFLOW,OECD.ELS.JAI:DSD_EPL@DF_EPL(1.0),Strictness of employment protection,I,A,Annual,HUN,Hungary,EPL_OV,Individual and collective dismissals (regular contracts),0_TO_6,0-6 scale,VERSION4,Version 4 (2013-2019),2020,,1.8923346,,F,Free (free for publication),2,Two,A,Normal value,0,Units
DATAFLOW,OECD.ELS.JAI:DSD_EPL@DF_EPL(1.0),Strictness of employment protection,I,A,Annual,ISL,Iceland,EPL_OV,Individual and collective dismissals (regular contracts),0_TO_6,0-6 scale,VERSION4,Version 4 (2013-2019),2020,,2.2030895,,F,Free (free for publication),2,Two,A,Normal value,0,Units
DATAFLOW,OECD.ELS.JAI:DSD_EPL@DF_EPL(1.0),Strictness of employment protection,I,A,Annual,IRL,Ireland,EPL_OV,Individual and collective dismissals (regular contracts),0_TO_6,0-6 scale,VERSION4,Version 4 (2013-2019),2020,,2.1349294,,F,Free (free for publication),2,Two,A,Normal value,0,Units
DATAFLOW,OECD.ELS.JAI:DSD_EPL@DF_EPL(1.0),Strictness of employment protection,I,A,Annual,ISR,Israel,EPL_OV,Individual and collective dismissals (regular contracts),0_TO_6,0-6 scale,VERSION4,Version 4 (2013-2019),2020,,2.8320932,,F,Free (free for publication),2,Two,A,Normal value,0,Units
DATAFLOW,OECD.ELS.JAI:DSD_EPL@DF_EPL(1.0),Strictness of employment protection,I,A,Annual,ITA,Italy,EPL_OV,Individual and collective dismissals (regular contracts),0_TO_6,0-6 scale,VERSION4,Version 4 (2013-2019),2020,,2.8555663,,F,Free (free for publication),2,Two,A,Normal value,0,Units
DATAFLOW,OECD.ELS.JAI:DSD_EPL@DF_EPL(1.0),Strictness of employment protection,I,A,Annual,JPN,Japan,EPL_OV,Individual and collective dismissals (regular contracts),0_TO_6,0-6 scale,VERSION4,Version 4 (2013-2019),2020,,2.0809152,,F,Free (free for publication),2,Two,A,Normal value,0,Units
DATAFLOW,OECD.ELS.JAI:DSD_EPL@DF_EPL(1.0),Strictness of employment protection,I,A,Annual,KOR,Korea,EPL_OV,Individual and collective dismissals (regular contracts),0_TO_6,0-6 scale,VERSION4,Version 4 (2013-2019),2020,,2.3502338,,F,Free (free for publication),2,Two,A,Normal value,0,Units
DATAFLOW,OECD.ELS.JAI:DSD_EPL@DF_EPL(1.0),Strictness of employment protection,I,A,Annual,LVA,Latvia,EPL_OV,Individual and collective dismissals (regular contracts),0_TO_6,0-6 scale,VERSION4,Version 4 (2013-2019),2020,,2.7081208,,F,Free (free for publication),2,Two,A,Normal value,0,Units
DATAFLOW,OECD.ELS.JAI:DSD_EPL@DF_EPL(1.0),Strictness of employment protection,I,A,Annual,LTU,Lithuania,EPL_OV,Individual and collective dismissals (regular contracts),0_TO_6,0-6 scale,VERSION4,Version 4 (2013-2019),2020,,1.848945,,F,Free (free for publication),2,Two,A,Normal value,0,Units
DATAFLOW,OECD.ELS.JAI:DSD_EPL@DF_EPL(1.0),Strictness of employment protection,I,A,Annual,LUX,Luxembourg,EPL_OV,Individual and collective dismissals (regular contracts),0_TO_6,0-6 scale,VERSION4,Version 4 (2013-2019),2020,,2.5418367,,F,Free (free for publication),2,Two,A,Normal value,0,Units
DATAFLOW,OECD.ELS.JAI:DSD_EPL@DF_EPL(1.0),Strictness of employment protection,I,A,Annual,MEX,Mexico,EPL_OV,Individual and collective dismissals (regular contracts),0_TO_6,0-6 scale,VERSION4,Version 4 (2013-2019),2020,,2.4308035,,F,Free (free for publication),2,Two,A,Normal value,0,Units
DATAFLOW,OECD.ELS.JAI:DSD_EPL@DF_EPL(1.0),Strictness of employment protection,I,A,Annual,NLD,Netherlands,EPL_OV,Individual and collective dismissals (regular contracts),0_TO_6,0-6 scale,VERSION4,Version 4 (2013-2019),2020,,2.8808725,,F,Free (free for publication),2,Two,A,Normal value,0,Units
DATAFLOW,OECD.ELS.JAI:DSD_EPL@DF_EPL(1.0),Strictness of employment protection,I,A,Annual,NZL,New Zealand,EPL_OV,Individual and collective dismissals (regular contracts),0_TO_6,0-6 scale,VERSION4,Version 4 (2013-2019),2020,,2.2226827,,F,Free (free for publication),2,Two,A,Normal value,0,Units
DATAFLOW,OECD.ELS.JAI:DSD_EPL@DF_EPL(1.0),Strictness of employment protection,I,A,Annual,NOR,Norway,EPL_OV,Individual and collective dismissals (regular contracts),0_TO_6,0-6 scale,VERSION4,Version 4 (2013-2019),2020,,2.3734853,,F,Free (free for publication),2,Two,A,Normal value,0,Units
DATAFLOW,OECD.ELS.JAI:DSD_EPL@DF_EPL(1.0),Strictness of employment protection,I,A,Annual,POL,Poland,EPL_OV,Individual and collective dismissals (regular contracts),0_TO_6,0-6 scale,VERSION4,Version 4 (2013-2019),2020,,2.4210324,,F,Free (free for publication),2,Two,A,Normal value,0,Units
DATAFLOW,OECD.ELS.JAI:DSD_EPL@DF_EPL(1.0),Strictness of employment protection,I,A,Annual,PRT,Portugal,EPL_OV,Individual and collective dismissals (regular contracts),0_TO_6,0-6 scale,VERSION4,Version 4 (2013-2019),2020,,2.9610438,,F,Free (free for publication),2,Two,A,Normal value,0,Units
DATAFLOW,OECD.ELS.JAI:DSD_EPL@DF_EPL(1.0),Strictness of employment protection,I,A,Annual,SVK,Slovak Republic,EPL_OV,Individual and collective dismissals (regular contracts),0_TO_6,0-6 scale,VERSION4,Version 4 (2013-2019),2020,,2.330605,,F,Free (free for publication),2,Two,A,Normal value,0,Units
DATAFLOW,OECD.ELS.JAI:DSD_EPL@DF_EPL(1.0),Strictness of employment protection,I,A,Annual,SVN,Slovenia,EPL_OV,Individual and collective dismissals (regular contracts),0_TO_6,0-6 scale,VERSION4,Version 4 (2013-2019),2020,,2.3221097,,F,Free (free for publication),2,Two,A,Normal value,0,Units
DATAFLOW,OECD.ELS.JAI:DSD_EPL@DF_EPL(1.0),Strictness of employment protection,I,A,Annual,ESP,Spain,EPL_OV,Individual and collective dismissals (regular contracts),0_TO_6,0-6 scale,VERSION4,Version 4 (2013-2019),2020,,2.4305141,,F,Free (free for publication),2,Two,A,Normal value,0,Units
DATAFLOW,OECD.ELS.JAI:DSD_EPL@DF_EPL(1.0),Strictness of employment protection,I,A,Annual,SWE,Sweden,EPL_OV,Individual and collective dismissals (regular contracts),0_TO_6,0-6 scale,VERSION4,Version 4 (2013-2019),2020,,2.5444055,,F,Free (free for publication),2,Two,A,Normal value,0,Units
DATAFLOW,OECD.ELS.JAI:DSD_EPL@DF_EPL(1.0),Strictness of employment protection,I,A,Annual,CHE,Switzerland,EPL_OV,Individual and collective dismissals (regular contracts),0_TO_6,0-6 scale,VERSION4,Version 4 (2013-2019),2020,,1.6069735,,F,Free (free for publication),2,Two,A,Normal value,0,Units
DATAFLOW,OECD.ELS.JAI:DSD_EPL@DF_EPL(1.0),Strictness of employment protection,I,A,Annual,TUR,Türkiye,EPL_OV,Individual and collective dismissals (regular contracts),0_TO_6,0-6 scale,VERSION4,Version 4 (2013-2019),2020,,2.9496608,,F,Free (free for publication),2,Two,A,Normal value,0,Units
DATAFLOW,OECD.ELS.JAI:DSD_EPL@DF_EPL(1.0),Strictness of employment protection,I,A,Annual,GBR,United Kingdom,EPL_OV,Individual and collective dismissals (regular contracts),0_TO_6,0-6 scale,VERSION4,Version 4 (2013-2019),2020,,1.9017237,,F,Free (free for publication),2,Two,A,Normal value,0,Units
DATAFLOW,OECD.ELS.JAI:DSD_EPL@DF_EPL(1.0),Strictness of employment protection,I,A,Annual,USA,United States,EPL_OV,Individual and collective dismissals (regular contracts),0_TO_6,0-6 scale,VERSION4,Version 4 (2013-2019),2020,,0.76577598,,F,Free (free for publication),2,Two,A,Normal value,0,Units
DATAFLOW,OECD.ELS.JAI:DSD_EPL@DF_EPL(1.0),Strictness of employment protection,I,A,Annual,OECD,OECD,EPL_OV,Individual and collective dismissals (regular contracts),0_TO_6,0-6 scale,VERSION4,Version 4 (2013-2019),2020,,2.210738,,F,Free (free for publication),2,Two,A,Normal value,0,Units
DATAFLOW,OECD.ELS.JAI:DSD_EPL@DF_EPL(1.0),Strictness of employment protection,I,A,Annual,ARG,Argentina,EPL_OV,Individual and collective dismissals (regular contracts),0_TO_6,0-6 scale,VERSION4,Version 4 (2013-2019),2020,,2.5987003,,F,Free (free for publication),2,Two,A,Normal value,0,Units
DATAFLOW,OECD.ELS.JAI:DSD_EPL@DF_EPL(1.0),Strictness of employment protection,I,A,Annual,AUS,Australia,EPL_OV,Individual and collective dismissals (regular contracts),0_TO_6,0-6 scale,VERSION4,Version 4 (2013-2019),2021,,1.7000779,,F,Free (free for publication),2,Two,A,Normal value,0,Units
DATAFLOW,OECD.ELS.JAI:DSD_EPL@DF_EPL(1.0),Strictness of employment protection,I,A,Annual,AUT,Austria,EPL_OV,Individual and collective dismissals (regular contracts),0_TO_6,0-6 scale,VERSION4,Version 4 (2013-2019),2021,,1.8006307,,F,Free (free for publication),2,Two,A,Normal value,0,Units
DATAFLOW,OECD.ELS.JAI:DSD_EPL@DF_EPL(1.0),Strictness of employment protection,I,A,Annual,BEL,Belgium,EPL_OV,Individual and collective dismissals (regular contracts),0_TO_6,0-6 scale,VERSION4,Version 4 (2013-2019),2021,,2.5911174,,F,Free (free for publication),2,Two,A,Normal value,0,Units
DATAFLOW,OECD.ELS.JAI:DSD_EPL@DF_EPL(1.0),Strictness of employment protection,I,A,Annual,CAN,Canada,EPL_OV,Individual and collective dismissals (regular contracts),0_TO_6,0-6 scale,VERSION4,Version 4 (2013-2019),2021,,1.0178068,,F,Free (free for publication),2,Two,A,Normal value,0,Units
DATAFLOW,OECD.ELS.JAI:DSD_EPL@DF_EPL(1.0),Strictness of employment protection,I,A,Annual,CHL,Chile,EPL_OV,Individual and collective dismissals (regular contracts),0_TO_6,0-6 scale,VERSION4,Version 4 (2013-2019),2021,,2.3417659,,F,Free (free for publication),2,Two,A,Normal value,0,Units
DATAFLOW,OECD.ELS.JAI:DSD_EPL@DF_EPL(1.0),Strictness of employment protection,I,A,Annual,COL,Colombia,EPL_OV,Individual and collective dismissals (regular contracts),0_TO_6,0-6 scale,VERSION4,Version 4 (2013-2019),2021,,1.4358112,,F,Free (free for publication),2,Two,A,Normal value,0,Units
DATAFLOW,OECD.ELS.JAI:DSD_EPL@DF_EPL(1.0),Strictness of employment protection,I,A,Annual,CRI,Costa Rica,EPL_OV,Individual and collective dismissals (regular contracts),0_TO_6,0-6 scale,VERSION4,Version 4 (2013-2019),2021,,0.63690478,,F,Free (free for publication),2,Two,A,Normal value,0,Units
DATAFLOW,OECD.ELS.JAI:DSD_EPL@DF_EPL(1.0),Strictness of employment protection,I,A,Annual,CZE,Czechia,EPL_OV,Individual and collective dismissals (regular contracts),0_TO_6,0-6 scale,VERSION4,Version 4 (2013-2019),2021,,3.0252621,,F,Free (free for publication),2,Two,A,Normal value,0,Units
DATAFLOW,OECD.ELS.JAI:DSD_EPL@DF_EPL(1.0),Strictness of employment protection,I,A,Annual,DNK,Denmark,EPL_OV,Individual and collective dismissals (regular contracts),0_TO_6,0-6 scale,VERSION4,Version 4 (2013-2019),2021,,1.937693,,F,Free (free for publication),2,Two,A,Normal value,0,Units
DATAFLOW,OECD.ELS.JAI:DSD_EPL@DF_EPL(1.0),Strictness of employment protection,I,A,Annual,EST,Estonia,EPL_OV,Individual and collective dismissals (regular contracts),0_TO_6,0-6 scale,VERSION4,Version 4 (2013-2019),2021,,1.9342227,,F,Free (free for publication),2,Two,A,Normal value,0,Units
DATAFLOW,OECD.ELS.JAI:DSD_EPL@DF_EPL(1.0),Strictness of employment protection,I,A,Annual,FIN,Finland,EPL_OV,Individual and collective dismissals (regular contracts),0_TO_6,0-6 scale,VERSION4,Version 4 (2013-2019),2021,,2.4797511,,F,Free (free for publication),2,Two,A,Normal value,0,Units
DATAFLOW,OECD.ELS.JAI:DSD_EPL@DF_EPL(1.0),Strictness of employment protection,I,A,Annual,FRA,France,EPL_OV,Individual and collective dismissals (regular contracts),0_TO_6,0-6 scale,VERSION4,Version 4 (2013-2019),2021,,2.6759372,,F,Free (free for publication),2,Two,A,Normal value,0,Units
DATAFLOW,OECD.ELS.JAI:DSD_EPL@DF_EPL(1.0),Strictness of employment protection,I,A,Annual,DEU,Germany,EPL_OV,Individual and collective dismissals (regular contracts),0_TO_6,0-6 scale,VERSION4,Version 4 (2013-2019),2021,,2.3324111,,F,Free (free for publication),2,Two,A,Normal value,0,Units
DATAFLOW,OECD.ELS.JAI:DSD_EPL@DF_EPL(1.0),Strictness of employment protection,I,A,Annual,GRC,Greece,EPL_OV,Individual and collective dismissals (regular contracts),0_TO_6,0-6 scale,VERSION4,Version 4 (2013-2019),2021,,2.5089009,,F,Free (free for publication),2,Two,A,Normal value,0,Units
DATAFLOW,OECD.ELS.JAI:DSD_EPL@DF_EPL(1.0),Strictness of employment protection,I,A,Annual,HUN,Hungary,EPL_OV,Individual and collective dismissals (regular contracts),0_TO_6,0-6 scale,VERSION4,Version 4 (2013-2019),2021,,1.8923346,,F,Free (free for publication),2,Two,A,Normal value,0,Units
DATAFLOW,OECD.ELS.JAI:DSD_EPL@DF_EPL(1.0),Strictness of employment protection,I,A,Annual,ISL,Iceland,EPL_OV,Individual and collective dismissals (regular contracts),0_TO_6,0-6 scale,VERSION4,Version 4 (2013-2019),2021,,2.2030895,,F,Free (free for publication),2,Two,A,Normal value,0,Units
DATAFLOW,OECD.ELS.JAI:DSD_EPL@DF_EPL(1.0),Strictness of employment protection,I,A,Annual,IRL,Ireland,EPL_OV,Individual and collective dismissals (regular contracts),0_TO_6,0-6 scale,VERSION4,Version 4 (2013-2019),2021,,2.1349294,,F,Free (free for publication),2,Two,A,Normal value,0,Units
DATAFLOW,OECD.ELS.JAI:DSD_EPL@DF_EPL(1.0),Strictness of employment protection,I,A,Annual,ISR,Israel,EPL_OV,Individual and collective dismissals (regular contracts),0_TO_6,0-6 scale,VERSION4,Version 4 (2013-2019),2021,,2.8320932,,F,Free (free for publication),2,Two,A,Normal value,0,Units
DATAFLOW,OECD.ELS.JAI:DSD_EPL@DF_EPL(1.0),Strictness of employment protection,I,A,Annual,ITA,Italy,EPL_OV,Individual and collective dismissals (regular contracts),0_TO_6,0-6 scale,VERSION4,Version 4 (2013-2019),2021,,3.8159544,,F,Free (free for publication),2,Two,A,Normal value,0,Units
DATAFLOW,OECD.ELS.JAI:DSD_EPL@DF_EPL(1.0),Strictness of employment protection,I,A,Annual,JPN,Japan,EPL_OV,Individual and collective dismissals (regular contracts),0_TO_6,0-6 scale,VERSION4,Version 4 (2013-2019),2021,,2.0809152,,F,Free (free for publication),2,Two,A,Normal value,0,Units
DATAFLOW,OECD.ELS.JAI:DSD_EPL@DF_EPL(1.0),Strictness of employment protection,I,A,Annual,KOR,Korea,EPL_OV,Individual and collective dismissals (regular contracts),0_TO_6,0-6 scale,VERSION4,Version 4 (2013-2019),2021,,2.3502338,,F,Free (free for publication),2,Two,A,Normal value,0,Units
DATAFLOW,OECD.ELS.JAI:DSD_EPL@DF_EPL(1.0),Strictness of employment protection,I,A,Annual,LVA,Latvia,EPL_OV,Individual and collective dismissals (regular contracts),0_TO_6,0-6 scale,VERSION4,Version 4 (2013-2019),2021,,2.7081208,,F,Free (free for publication),2,Two,A,Normal value,0,Units
DATAFLOW,OECD.ELS.JAI:DSD_EPL@DF_EPL(1.0),Strictness of employment protection,I,A,Annual,LTU,Lithuania,EPL_OV,Individual and collective dismissals (regular contracts),0_TO_6,0-6 scale,VERSION4,Version 4 (2013-2019),2021,,1.848945,,F,Free (free for publication),2,Two,A,Normal value,0,Units
DATAFLOW,OECD.ELS.JAI:DSD_EPL@DF_EPL(1.0),Strictness of employment protection,I,A,Annual,LUX,Luxembourg,EPL_OV,Individual and collective dismissals (regular contracts),0_TO_6,0-6 scale,VERSION4,Version 4 (2013-2019),2021,,2.5418367,,F,Free (free for publication),2,Two,A,Normal value,0,Units
DATAFLOW,OECD.ELS.JAI:DSD_EPL@DF_EPL(1.0),Strictness of employment protection,I,A,Annual,MEX,Mexico,EPL_OV,Individual and collective dismissals (regular contracts),0_TO_6,0-6 scale,VERSION4,Version 4 (2013-2019),2021,,2.4308035,,F,Free (free for publication),2,Two,A,Normal value,0,Units
DATAFLOW,OECD.ELS.JAI:DSD_EPL@DF_EPL(1.0),Strictness of employment protection,I,A,Annual,NLD,Netherlands,EPL_OV,Individual and collective dismissals (regular contracts),0_TO_6,0-6 scale,VERSION4,Version 4 (2013-2019),2021,,2.8808725,,F,Free (free for publication),2,Two,A,Normal value,0,Units
DATAFLOW,OECD.ELS.JAI:DSD_EPL@DF_EPL(1.0),Strictness of employment protection,I,A,Annual,NZL,New Zealand,EPL_OV,Individual and collective dismissals (regular contracts),0_TO_6,0-6 scale,VERSION4,Version 4 (2013-2019),2021,,2.2226827,,F,Free (free for publication),2,Two,A,Normal value,0,Units
DATAFLOW,OECD.ELS.JAI:DSD_EPL@DF_EPL(1.0),Strictness of employment protection,I,A,Annual,NOR,Norway,EPL_OV,Individual and collective dismissals (regular contracts),0_TO_6,0-6 scale,VERSION4,Version 4 (2013-2019),2021,,2.3734853,,F,Free (free for publication),2,Two,A,Normal value,0,Units
DATAFLOW,OECD.ELS.JAI:DSD_EPL@DF_EPL(1.0),Strictness of employment protection,I,A,Annual,POL,Poland,EPL_OV,Individual and collective dismissals (regular contracts),0_TO_6,0-6 scale,VERSION4,Version 4 (2013-2019),2021,,2.4210324,,F,Free (free for publication),2,Two,A,Normal value,0,Units
DATAFLOW,OECD.ELS.JAI:DSD_EPL@DF_EPL(1.0),Strictness of employment protection,I,A,Annual,PRT,Portugal,EPL_OV,Individual and collective dismissals (regular contracts),0_TO_6,0-6 scale,VERSION4,Version 4 (2013-2019),2021,,2.9610438,,F,Free (free for publication),2,Two,A,Normal value,0,Units
DATAFLOW,OECD.ELS.JAI:DSD_EPL@DF_EPL(1.0),Strictness of employment protection,I,A,Annual,SVK,Slovak Republic,EPL_OV,Individual and collective dismissals (regular contracts),0_TO_6,0-6 scale,VERSION4,Version 4 (2013-2019),2021,,2.330605,,F,Free (free for publication),2,Two,A,Normal value,0,Units
DATAFLOW,OECD.ELS.JAI:DSD_EPL@DF_EPL(1.0),Strictness of employment protection,I,A,Annual,SVN,Slovenia,EPL_OV,Individual and collective dismissals (regular contracts),0_TO_6,0-6 scale,VERSION4,Version 4 (2013-2019),2021,,2.3221097,,F,Free (free for publication),2,Two,A,Normal value,0,Units
DATAFLOW,OECD.ELS.JAI:DSD_EPL@DF_EPL(1.0),Strictness of employment protection,I,A,Annual,ESP,Spain,EPL_OV,Individual and collective dismissals (regular contracts),0_TO_6,0-6 scale,VERSION4,Version 4 (2013-2019),2021,,2.4305141,,F,Free (free for publication),2,Two,A,Normal value,0,Units
DATAFLOW,OECD.ELS.JAI:DSD_EPL@DF_EPL(1.0),Strictness of employment protection,I,A,Annual,SWE,Sweden,EPL_OV,Individual and collective dismissals (regular contracts),0_TO_6,0-6 scale,VERSION4,Version 4 (2013-2019),2021,,2.5444055,,F,Free (free for publication),2,Two,A,Normal value,0,Units
DATAFLOW,OECD.ELS.JAI:DSD_EPL@DF_EPL(1.0),Strictness of employment protection,I,A,Annual,CHE,Switzerland,EPL_OV,Individual and collective dismissals (regular contracts),0_TO_6,0-6 scale,VERSION4,Version 4 (2013-2019),2021,,1.6069735,,F,Free (free for publication),2,Two,A,Normal value,0,Units
DATAFLOW,OECD.ELS.JAI:DSD_EPL@DF_EPL(1.0),Strictness of employment protection,I,A,Annual,TUR,Türkiye,EPL_OV,Individual and collective dismissals (regular contracts),0_TO_6,0-6 scale,VERSION4,Version 4 (2013-2019),2021,,6,,F,Free (free for publication),2,Two,A,Normal value,0,Units
DATAFLOW,OECD.ELS.JAI:DSD_EPL@DF_EPL(1.0),Strictness of employment protection,I,A,Annual,GBR,United Kingdom,EPL_OV,Individual and collective dismissals (regular contracts),0_TO_6,0-6 scale,VERSION4,Version 4 (2013-2019),2021,,1.9017237,,F,Free (free for publication),2,Two,A,Normal value,0,Units
DATAFLOW,OECD.ELS.JAI:DSD_EPL@DF_EPL(1.0),Strictness of employment protection,I,A,Annual,USA,United States,EPL_OV,Individual and collective dismissals (regular contracts),0_TO_6,0-6 scale,VERSION4,Version 4 (2013-2019),2021,,0.76577598,,F,Free (free for publication),2,Two,A,Normal value,0,Units
DATAFLOW,OECD.ELS.JAI:DSD_EPL@DF_EPL(1.0),Strictness of employment protection,I,A,Annual,OECD,OECD,EPL_OV,Individual and collective dismissals (regular contracts),0_TO_6,0-6 scale,VERSION4,Version 4 (2013-2019),2021,,2.3162835,,F,Free (free for publication),2,Two,A,Normal value,0,Units
DATAFLOW,OECD.ELS.JAI:DSD_EPL@DF_EPL(1.0),Strictness of employment protection,I,A,Annual,ARG,Argentina,EPL_OV,Individual and collective dismissals (regular contracts),0_TO_6,0-6 scale,VERSION4,Version 4 (2013-2019),2021,,2.5987003,,F,Free (free for publication),2,Two,A,Normal value,0,Units
DATAFLOW,OECD.ELS.JAI:DSD_EPL@DF_EPL(1.0),Strictness of employment protection,I,A,Annual,AUS,Australia,EPL_OV,Individual and collective dismissals (regular contracts),0_TO_6,0-6 scale,VERSION4,Version 4 (2013-2019),2022,,1.7000779,,F,Free (free for publication),2,Two,A,Normal value,0,Units
DATAFLOW,OECD.ELS.JAI:DSD_EPL@DF_EPL(1.0),Strictness of employment protection,I,A,Annual,AUT,Austria,EPL_OV,Individual and collective dismissals (regular contracts),0_TO_6,0-6 scale,VERSION4,Version 4 (2013-2019),2022,,1.9434878,,F,Free (free for publication),2,Two,A,Normal value,0,Units
DATAFLOW,OECD.ELS.JAI:DSD_EPL@DF_EPL(1.0),Strictness of employment protection,I,A,Annual,BEL,Belgium,EPL_OV,Individual and collective dismissals (regular contracts),0_TO_6,0-6 scale,VERSION4,Version 4 (2013-2019),2022,,2.5911174,,F,Free (free for publication),2,Two,A,Normal value,0,Units
DATAFLOW,OECD.ELS.JAI:DSD_EPL@DF_EPL(1.0),Strictness of employment protection,I,A,Annual,CAN,Canada,EPL_OV,Individual and collective dismissals (regular contracts),0_TO_6,0-6 scale,VERSION4,Version 4 (2013-2019),2022,,1.0178068,,F,Free (free for publication),2,Two,A,Normal value,0,Units
DATAFLOW,OECD.ELS.JAI:DSD_EPL@DF_EPL(1.0),Strictness of employment protection,I,A,Annual,CHL,Chile,EPL_OV,Individual and collective dismissals (regular contracts),0_TO_6,0-6 scale,VERSION4,Version 4 (2013-2019),2022,,2.3417659,,F,Free (free for publication),2,Two,A,Normal value,0,Units
DATAFLOW,OECD.ELS.JAI:DSD_EPL@DF_EPL(1.0),Strictness of employment protection,I,A,Annual,COL,Colombia,EPL_OV,Individual and collective dismissals (regular contracts),0_TO_6,0-6 scale,VERSION4,Version 4 (2013-2019),2022,,1.4358112,,F,Free (free for publication),2,Two,A,Normal value,0,Units
DATAFLOW,OECD.ELS.JAI:DSD_EPL@DF_EPL(1.0),Strictness of employment protection,I,A,Annual,CRI,Costa Rica,EPL_OV,Individual and collective dismissals (regular contracts),0_TO_6,0-6 scale,VERSION4,Version 4 (2013-2019),2022,,0.63690478,,F,Free (free for publication),2,Two,A,Normal value,0,Units
DATAFLOW,OECD.ELS.JAI:DSD_EPL@DF_EPL(1.0),Strictness of employment protection,I,A,Annual,CZE,Czechia,EPL_OV,Individual and collective dismissals (regular contracts),0_TO_6,0-6 scale,VERSION4,Version 4 (2013-2019),2022,,3.0252621,,F,Free (free for publication),2,Two,A,Normal value,0,Units
DATAFLOW,OECD.ELS.JAI:DSD_EPL@DF_EPL(1.0),Strictness of employment protection,I,A,Annual,DNK,Denmark,EPL_OV,Individual and collective dismissals (regular contracts),0_TO_6,0-6 scale,VERSION4,Version 4 (2013-2019),2022,,1.937693,,F,Free (free for publication),2,Two,A,Normal value,0,Units
DATAFLOW,OECD.ELS.JAI:DSD_EPL@DF_EPL(1.0),Strictness of employment protection,I,A,Annual,EST,Estonia,EPL_OV,Individual and collective dismissals (regular contracts),0_TO_6,0-6 scale,VERSION4,Version 4 (2013-2019),2022,,1.9342227,,F,Free (free for publication),2,Two,A,Normal value,0,Units
DATAFLOW,OECD.ELS.JAI:DSD_EPL@DF_EPL(1.0),Strictness of employment protection,I,A,Annual,FIN,Finland,EPL_OV,Individual and collective dismissals (regular contracts),0_TO_6,0-6 scale,VERSION4,Version 4 (2013-2019),2022,,2.4797511,,F,Free (free for publication),2,Two,A,Normal value,0,Units
DATAFLOW,OECD.ELS.JAI:DSD_EPL@DF_EPL(1.0),Strictness of employment protection,I,A,Annual,FRA,France,EPL_OV,Individual and collective dismissals (regular contracts),0_TO_6,0-6 scale,VERSION4,Version 4 (2013-2019),2022,,2.6759372,,F,Free (free for publication),2,Two,A,Normal value,0,Units
DATAFLOW,OECD.ELS.JAI:DSD_EPL@DF_EPL(1.0),Strictness of employment protection,I,A,Annual,DEU,Germany,EPL_OV,Individual and collective dismissals (regular contracts),0_TO_6,0-6 scale,VERSION4,Version 4 (2013-2019),2022,,2.3324111,,F,Free (free for publication),2,Two,A,Normal value,0,Units
DATAFLOW,OECD.ELS.JAI:DSD_EPL@DF_EPL(1.0),Strictness of employment protection,I,A,Annual,GRC,Greece,EPL_OV,Individual and collective dismissals (regular contracts),0_TO_6,0-6 scale,VERSION4,Version 4 (2013-2019),2022,,2.3214011,,F,Free (free for publication),2,Two,A,Normal value,0,Units
DATAFLOW,OECD.ELS.JAI:DSD_EPL@DF_EPL(1.0),Strictness of employment protection,I,A,Annual,HUN,Hungary,EPL_OV,Individual and collective dismissals (regular contracts),0_TO_6,0-6 scale,VERSION4,Version 4 (2013-2019),2022,,1.8923346,,F,Free (free for publication),2,Two,A,Normal value,0,Units
DATAFLOW,OECD.ELS.JAI:DSD_EPL@DF_EPL(1.0),Strictness of employment protection,I,A,Annual,ISL,Iceland,EPL_OV,Individual and collective dismissals (regular contracts),0_TO_6,0-6 scale,VERSION4,Version 4 (2013-2019),2022,,2.2030895,,F,Free (free for publication),2,Two,A,Normal value,0,Units
DATAFLOW,OECD.ELS.JAI:DSD_EPL@DF_EPL(1.0),Strictness of employment protection,I,A,Annual,IRL,Ireland,EPL_OV,Individual and collective dismissals (regular contracts),0_TO_6,0-6 scale,VERSION4,Version 4 (2013-2019),2022,,2.1349294,,F,Free (free for publication),2,Two,A,Normal value,0,Units
DATAFLOW,OECD.ELS.JAI:DSD_EPL@DF_EPL(1.0),Strictness of employment protection,I,A,Annual,ISR,Israel,EPL_OV,Individual and collective dismissals (regular contracts),0_TO_6,0-6 scale,VERSION4,Version 4 (2013-2019),2022,,2.8320932,,F,Free (free for publication),2,Two,A,Normal value,0,Units
DATAFLOW,OECD.ELS.JAI:DSD_EPL@DF_EPL(1.0),Strictness of employment protection,I,A,Annual,ITA,Italy,EPL_OV,Individual and collective dismissals (regular contracts),0_TO_6,0-6 scale,VERSION4,Version 4 (2013-2019),2022,,2.8555663,,F,Free (free for publication),2,Two,A,Normal value,0,Units
DATAFLOW,OECD.ELS.JAI:DSD_EPL@DF_EPL(1.0),Strictness of employment protection,I,A,Annual,JPN,Japan,EPL_OV,Individual and collective dismissals (regular contracts),0_TO_6,0-6 scale,VERSION4,Version 4 (2013-2019),2022,,2.0809152,,F,Free (free for publication),2,Two,A,Normal value,0,Units
DATAFLOW,OECD.ELS.JAI:DSD_EPL@DF_EPL(1.0),Strictness of employment protection,I,A,Annual,KOR,Korea,EPL_OV,Individual and collective dismissals (regular contracts),0_TO_6,0-6 scale,VERSION4,Version 4 (2013-2019),2022,,2.3502338,,F,Free (free for publication),2,Two,A,Normal value,0,Units
DATAFLOW,OECD.ELS.JAI:DSD_EPL@DF_EPL(1.0),Strictness of employment protection,I,A,Annual,LVA,Latvia,EPL_OV,Individual and collective dismissals (regular contracts),0_TO_6,0-6 scale,VERSION4,Version 4 (2013-2019),2022,,2.7081208,,F,Free (free for publication),2,Two,A,Normal value,0,Units
DATAFLOW,OECD.ELS.JAI:DSD_EPL@DF_EPL(1.0),Strictness of employment protection,I,A,Annual,LTU,Lithuania,EPL_OV,Individual and collective dismissals (regular contracts),0_TO_6,0-6 scale,VERSION4,Version 4 (2013-2019),2022,,1.848945,,F,Free (free for publication),2,Two,A,Normal value,0,Units
DATAFLOW,OECD.ELS.JAI:DSD_EPL@DF_EPL(1.0),Strictness of employment protection,I,A,Annual,LUX,Luxembourg,EPL_OV,Individual and collective dismissals (regular contracts),0_TO_6,0-6 scale,VERSION4,Version 4 (2013-2019),2022,,2.5418367,,F,Free (free for publication),2,Two,A,Normal value,0,Units
DATAFLOW,OECD.ELS.JAI:DSD_EPL@DF_EPL(1.0),Strictness of employment protection,I,A,Annual,MEX,Mexico,EPL_OV,Individual and collective dismissals (regular contracts),0_TO_6,0-6 scale,VERSION4,Version 4 (2013-2019),2022,,2.4308035,,F,Free (free for publication),2,Two,A,Normal value,0,Units
DATAFLOW,OECD.ELS.JAI:DSD_EPL@DF_EPL(1.0),Strictness of employment protection,I,A,Annual,NLD,Netherlands,EPL_OV,Individual and collective dismissals (regular contracts),0_TO_6,0-6 scale,VERSION4,Version 4 (2013-2019),2022,,2.8808725,,F,Free (free for publication),2,Two,A,Normal value,0,Units
DATAFLOW,OECD.ELS.JAI:DSD_EPL@DF_EPL(1.0),Strictness of employment protection,I,A,Annual,NZL,New Zealand,EPL_OV,Individual and collective dismissals (regular contracts),0_TO_6,0-6 scale,VERSION4,Version 4 (2013-2019),2022,,2.2226827,,F,Free (free for publication),2,Two,A,Normal value,0,Units
DATAFLOW,OECD.ELS.JAI:DSD_EPL@DF_EPL(1.0),Strictness of employment protection,I,A,Annual,NOR,Norway,EPL_OV,Individual and collective dismissals (regular contracts),0_TO_6,0-6 scale,VERSION4,Version 4 (2013-2019),2022,,2.3734853,,F,Free (free for publication),2,Two,A,Normal value,0,Units
DATAFLOW,OECD.ELS.JAI:DSD_EPL@DF_EPL(1.0),Strictness of employment protection,I,A,Annual,POL,Poland,EPL_OV,Individual and collective dismissals (regular contracts),0_TO_6,0-6 scale,VERSION4,Version 4 (2013-2019),2022,,2.4210324,,F,Free (free for publication),2,Two,A,Normal value,0,Units
DATAFLOW,OECD.ELS.JAI:DSD_EPL@DF_EPL(1.0),Strictness of employment protection,I,A,Annual,PRT,Portugal,EPL_OV,Individual and collective dismissals (regular contracts),0_TO_6,0-6 scale,VERSION4,Version 4 (2013-2019),2022,,2.9610438,,F,Free (free for publication),2,Two,A,Normal value,0,Units
DATAFLOW,OECD.ELS.JAI:DSD_EPL@DF_EPL(1.0),Strictness of employment protection,I,A,Annual,SVK,Slovak Republic,EPL_OV,Individual and collective dismissals (regular contracts),0_TO_6,0-6 scale,VERSION4,Version 4 (2013-2019),2022,,2.330605,,F,Free (free for publication),2,Two,A,Normal value,0,Units
DATAFLOW,OECD.ELS.JAI:DSD_EPL@DF_EPL(1.0),Strictness of employment protection,I,A,Annual,SVN,Slovenia,EPL_OV,Individual and collective dismissals (regular contracts),0_TO_6,0-6 scale,VERSION4,Version 4 (2013-2019),2022,,2.3221097,,F,Free (free for publication),2,Two,A,Normal value,0,Units
DATAFLOW,OECD.ELS.JAI:DSD_EPL@DF_EPL(1.0),Strictness of employment protection,I,A,Annual,ESP,Spain,EPL_OV,Individual and collective dismissals (regular contracts),0_TO_6,0-6 scale,VERSION4,Version 4 (2013-2019),2022,,2.4305141,,F,Free (free for publication),2,Two,A,Normal value,0,Units
DATAFLOW,OECD.ELS.JAI:DSD_EPL@DF_EPL(1.0),Strictness of employment protection,I,A,Annual,SWE,Sweden,EPL_OV,Individual and collective dismissals (regular contracts),0_TO_6,0-6 scale,VERSION4,Version 4 (2013-2019),2022,,2.5444055,,F,Free (free for publication),2,Two,A,Normal value,0,Units
DATAFLOW,OECD.ELS.JAI:DSD_EPL@DF_EPL(1.0),Strictness of employment protection,I,A,Annual,CHE,Switzerland,EPL_OV,Individual and collective dismissals (regular contracts),0_TO_6,0-6 scale,VERSION4,Version 4 (2013-2019),2022,,1.6069735,,F,Free (free for publication),2,Two,A,Normal value,0,Units
DATAFLOW,OECD.ELS.JAI:DSD_EPL@DF_EPL(1.0),Strictness of employment protection,I,A,Annual,TUR,Türkiye,EPL_OV,Individual and collective dismissals (regular contracts),0_TO_6,0-6 scale,VERSION4,Version 4 (2013-2019),2022,,2.9496608,,F,Free (free for publication),2,Two,A,Normal value,0,Units
DATAFLOW,OECD.ELS.JAI:DSD_EPL@DF_EPL(1.0),Strictness of employment protection,I,A,Annual,GBR,United Kingdom,EPL_OV,Individual and collective dismissals (regular contracts),0_TO_6,0-6 scale,VERSION4,Version 4 (2013-2019),2022,,1.9017237,,F,Free (free for publication),2,Two,A,Normal value,0,Units
DATAFLOW,OECD.ELS.JAI:DSD_EPL@DF_EPL(1.0),Strictness of employment protection,I,A,Annual,USA,United States,EPL_OV,Individual and collective dismissals (regular contracts),0_TO_6,0-6 scale,VERSION4,Version 4 (2013-2019),2022,,0.76577598,,F,Free (free for publication),2,Two,A,Normal value,0,Units
DATAFLOW,OECD.ELS.JAI:DSD_EPL@DF_EPL(1.0),Strictness of employment protection,I,A,Annual,OECD,OECD,EPL_OV,Individual and collective dismissals (regular contracts),0_TO_6,0-6 scale,VERSION4,Version 4 (2013-2019),2022,,2.2095632,,F,Free (free for publication),2,Two,A,Normal value,0,Units
DATAFLOW,OECD.ELS.JAI:DSD_EPL@DF_EPL(1.0),Strictness of employment protection,I,A,Annual,ARG,Argentina,EPL_OV,Individual and collective dismissals (regular contracts),0_TO_6,0-6 scale,VERSION4,Version 4 (2013-2019),2022,,2.5987003,,F,Free (free for publication),2,Two,A,Normal value,0,Units
DATAFLOW,OECD.ELS.JAI:DSD_EPL@DF_EPL(1.0),Strictness of employment protection,I,A,Annual,AUS,Australia,EPL_OV,Individual and collective dismissals (regular contracts),0_TO_6,0-6 scale,VERSION4,Version 4 (2013-2019),2023,,1.7000779,,F,Free (free for publication),2,Two,A,Normal value,0,Units
DATAFLOW,OECD.ELS.JAI:DSD_EPL@DF_EPL(1.0),Strictness of employment protection,I,A,Annual,AUT,Austria,EPL_OV,Individual and collective dismissals (regular contracts),0_TO_6,0-6 scale,VERSION4,Version 4 (2013-2019),2023,,1.9434878,,F,Free (free for publication),2,Two,A,Normal value,0,Units
DATAFLOW,OECD.ELS.JAI:DSD_EPL@DF_EPL(1.0),Strictness of employment protection,I,A,Annual,BEL,Belgium,EPL_OV,Individual and collective dismissals (regular contracts),0_TO_6,0-6 scale,VERSION4,Version 4 (2013-2019),2023,,2.5911174,,F,Free (free for publication),2,Two,A,Normal value,0,Units
DATAFLOW,OECD.ELS.JAI:DSD_EPL@DF_EPL(1.0),Strictness of employment protection,I,A,Annual,CAN,Canada,EPL_OV,Individual and collective dismissals (regular contracts),0_TO_6,0-6 scale,VERSION4,Version 4 (2013-2019),2023,,1.0178068,,F,Free (free for publication),2,Two,A,Normal value,0,Units
DATAFLOW,OECD.ELS.JAI:DSD_EPL@DF_EPL(1.0),Strictness of employment protection,I,A,Annual,CHL,Chile,EPL_OV,Individual and collective dismissals (regular contracts),0_TO_6,0-6 scale,VERSION4,Version 4 (2013-2019),2023,,2.3417659,,F,Free (free for publication),2,Two,A,Normal value,0,Units
DATAFLOW,OECD.ELS.JAI:DSD_EPL@DF_EPL(1.0),Strictness of employment protection,I,A,Annual,COL,Colombia,EPL_OV,Individual and collective dismissals (regular contracts),0_TO_6,0-6 scale,VERSION4,Version 4 (2013-2019),2023,,1.4358112,,F,Free (free for publication),2,Two,A,Normal value,0,Units
DATAFLOW,OECD.ELS.JAI:DSD_EPL@DF_EPL(1.0),Strictness of employment protection,I,A,Annual,CRI,Costa Rica,EPL_OV,Individual and collective dismissals (regular contracts),0_TO_6,0-6 scale,VERSION4,Version 4 (2013-2019),2023,,0.63690478,,F,Free (free for publication),2,Two,A,Normal value,0,Units
DATAFLOW,OECD.ELS.JAI:DSD_EPL@DF_EPL(1.0),Strictness of employment protection,I,A,Annual,CZE,Czechia,EPL_OV,Individual and collective dismissals (regular contracts),0_TO_6,0-6 scale,VERSION4,Version 4 (2013-2019),2023,,3.0252621,,F,Free (free for publication),2,Two,A,Normal value,0,Units
DATAFLOW,OECD.ELS.JAI:DSD_EPL@DF_EPL(1.0),Strictness of employment protection,I,A,Annual,DNK,Denmark,EPL_OV,Individual and collective dismissals (regular contracts),0_TO_6,0-6 scale,VERSION4,Version 4 (2013-2019),2023,,1.937693,,F,Free (free for publication),2,Two,A,Normal value,0,Units
DATAFLOW,OECD.ELS.JAI:DSD_EPL@DF_EPL(1.0),Strictness of employment protection,I,A,Annual,EST,Estonia,EPL_OV,Individual and collective dismissals (regular contracts),0_TO_6,0-6 scale,VERSION4,Version 4 (2013-2019),2023,,1.9342227,,F,Free (free for publication),2,Two,A,Normal value,0,Units
DATAFLOW,OECD.ELS.JAI:DSD_EPL@DF_EPL(1.0),Strictness of employment protection,I,A,Annual,FIN,Finland,EPL_OV,Individual and collective dismissals (regular contracts),0_TO_6,0-6 scale,VERSION4,Version 4 (2013-2019),2023,,2.4797511,,F,Free (free for publication),2,Two,A,Normal value,0,Units
DATAFLOW,OECD.ELS.JAI:DSD_EPL@DF_EPL(1.0),Strictness of employment protection,I,A,Annual,FRA,France,EPL_OV,Individual and collective dismissals (regular contracts),0_TO_6,0-6 scale,VERSION4,Version 4 (2013-2019),2023,,2.6759372,,F,Free (free for publication),2,Two,A,Normal value,0,Units
DATAFLOW,OECD.ELS.JAI:DSD_EPL@DF_EPL(1.0),Strictness of employment protection,I,A,Annual,DEU,Germany,EPL_OV,Individual and collective dismissals (regular contracts),0_TO_6,0-6 scale,VERSION4,Version 4 (2013-2019),2023,,2.3324111,,F,Free (free for publication),2,Two,A,Normal value,0,Units
DATAFLOW,OECD.ELS.JAI:DSD_EPL@DF_EPL(1.0),Strictness of employment protection,I,A,Annual,GRC,Greece,EPL_OV,Individual and collective dismissals (regular contracts),0_TO_6,0-6 scale,VERSION4,Version 4 (2013-2019),2023,,2.3214011,,F,Free (free for publication),2,Two,A,Normal value,0,Units
DATAFLOW,OECD.ELS.JAI:DSD_EPL@DF_EPL(1.0),Strictness of employment protection,I,A,Annual,HUN,Hungary,EPL_OV,Individual and collective dismissals (regular contracts),0_TO_6,0-6 scale,VERSION4,Version 4 (2013-2019),2023,,1.8923346,,F,Free (free for publication),2,Two,A,Normal value,0,Units
DATAFLOW,OECD.ELS.JAI:DSD_EPL@DF_EPL(1.0),Strictness of employment protection,I,A,Annual,ISL,Iceland,EPL_OV,Individual and collective dismissals (regular contracts),0_TO_6,0-6 scale,VERSION4,Version 4 (2013-2019),2023,,2.2030895,,F,Free (free for publication),2,Two,A,Normal value,0,Units
DATAFLOW,OECD.ELS.JAI:DSD_EPL@DF_EPL(1.0),Strictness of employment protection,I,A,Annual,IRL,Ireland,EPL_OV,Individual and collective dismissals (regular contracts),0_TO_6,0-6 scale,VERSION4,Version 4 (2013-2019),2023,,2.1731946,,F,Free (free for publication),2,Two,A,Normal value,0,Units
DATAFLOW,OECD.ELS.JAI:DSD_EPL@DF_EPL(1.0),Strictness of employment protection,I,A,Annual,ISR,Israel,EPL_OV,Individual and collective dismissals (regular contracts),0_TO_6,0-6 scale,VERSION4,Version 4 (2013-2019),2023,,2.8320932,,F,Free (free for publication),2,Two,A,Normal value,0,Units
DATAFLOW,OECD.ELS.JAI:DSD_EPL@DF_EPL(1.0),Strictness of employment protection,I,A,Annual,ITA,Italy,EPL_OV,Individual and collective dismissals (regular contracts),0_TO_6,0-6 scale,VERSION4,Version 4 (2013-2019),2023,,2.8555663,,F,Free (free for publication),2,Two,A,Normal value,0,Units
DATAFLOW,OECD.ELS.JAI:DSD_EPL@DF_EPL(1.0),Strictness of employment protection,I,A,Annual,JPN,Japan,EPL_OV,Individual and collective dismissals (regular contracts),0_TO_6,0-6 scale,VERSION4,Version 4 (2013-2019),2023,,2.0809152,,F,Free (free for publication),2,Two,A,Normal value,0,Units
DATAFLOW,OECD.ELS.JAI:DSD_EPL@DF_EPL(1.0),Strictness of employment protection,I,A,Annual,KOR,Korea,EPL_OV,Individual and collective dismissals (regular contracts),0_TO_6,0-6 scale,VERSION4,Version 4 (2013-2019),2023,,2.3502338,,F,Free (free for publication),2,Two,A,Normal value,0,Units
DATAFLOW,OECD.ELS.JAI:DSD_EPL@DF_EPL(1.0),Strictness of employment protection,I,A,Annual,LVA,Latvia,EPL_OV,Individual and collective dismissals (regular contracts),0_TO_6,0-6 scale,VERSION4,Version 4 (2013-2019),2023,,2.7081208,,F,Free (free for publication),2,Two,A,Normal value,0,Units
DATAFLOW,OECD.ELS.JAI:DSD_EPL@DF_EPL(1.0),Strictness of employment protection,I,A,Annual,LTU,Lithuania,EPL_OV,Individual and collective dismissals (regular contracts),0_TO_6,0-6 scale,VERSION4,Version 4 (2013-2019),2023,,1.848945,,F,Free (free for publication),2,Two,A,Normal value,0,Units
DATAFLOW,OECD.ELS.JAI:DSD_EPL@DF_EPL(1.0),Strictness of employment protection,I,A,Annual,LUX,Luxembourg,EPL_OV,Individual and collective dismissals (regular contracts),0_TO_6,0-6 scale,VERSION4,Version 4 (2013-2019),2023,,2.5418367,,F,Free (free for publication),2,Two,A,Normal value,0,Units
DATAFLOW,OECD.ELS.JAI:DSD_EPL@DF_EPL(1.0),Strictness of employment protection,I,A,Annual,MEX,Mexico,EPL_OV,Individual and collective dismissals (regular contracts),0_TO_6,0-6 scale,VERSION4,Version 4 (2013-2019),2023,,2.4308035,,F,Free (free for publication),2,Two,A,Normal value,0,Units
DATAFLOW,OECD.ELS.JAI:DSD_EPL@DF_EPL(1.0),Strictness of employment protection,I,A,Annual,NLD,Netherlands,EPL_OV,Individual and collective dismissals (regular contracts),0_TO_6,0-6 scale,VERSION4,Version 4 (2013-2019),2023,,2.8808725,,F,Free (free for publication),2,Two,A,Normal value,0,Units
DATAFLOW,OECD.ELS.JAI:DSD_EPL@DF_EPL(1.0),Strictness of employment protection,I,A,Annual,NZL,New Zealand,EPL_OV,Individual and collective dismissals (regular contracts),0_TO_6,0-6 scale,VERSION4,Version 4 (2013-2019),2023,,2.2226827,,F,Free (free for publication),2,Two,A,Normal value,0,Units
DATAFLOW,OECD.ELS.JAI:DSD_EPL@DF_EPL(1.0),Strictness of employment protection,I,A,Annual,NOR,Norway,EPL_OV,Individual and collective dismissals (regular contracts),0_TO_6,0-6 scale,VERSION4,Version 4 (2013-2019),2023,,2.3734853,,F,Free (free for publication),2,Two,A,Normal value,0,Units
DATAFLOW,OECD.ELS.JAI:DSD_EPL@DF_EPL(1.0),Strictness of employment protection,I,A,Annual,POL,Poland,EPL_OV,Individual and collective dismissals (regular contracts),0_TO_6,0-6 scale,VERSION4,Version 4 (2013-2019),2023,,2.4210324,,F,Free (free for publication),2,Two,A,Normal value,0,Units
DATAFLOW,OECD.ELS.JAI:DSD_EPL@DF_EPL(1.0),Strictness of employment protection,I,A,Annual,PRT,Portugal,EPL_OV,Individual and collective dismissals (regular contracts),0_TO_6,0-6 scale,VERSION4,Version 4 (2013-2019),2023,,2.9610438,,F,Free (free for publication),2,Two,A,Normal value,0,Units
DATAFLOW,OECD.ELS.JAI:DSD_EPL@DF_EPL(1.0),Strictness of employment protection,I,A,Annual,SVK,Slovak Republic,EPL_OV,Individual and collective dismissals (regular contracts),0_TO_6,0-6 scale,VERSION4,Version 4 (2013-2019),2023,,2.330605,,F,Free (free for publication),2,Two,A,Normal value,0,Units
DATAFLOW,OECD.ELS.JAI:DSD_EPL@DF_EPL(1.0),Strictness of employment protection,I,A,Annual,SVN,Slovenia,EPL_OV,Individual and collective dismissals (regular contracts),0_TO_6,0-6 scale,VERSION4,Version 4 (2013-2019),2023,,2.3221097,,F,Free (free for publication),2,Two,A,Normal value,0,Units
DATAFLOW,OECD.ELS.JAI:DSD_EPL@DF_EPL(1.0),Strictness of employment protection,I,A,Annual,ESP,Spain,EPL_OV,Individual and collective dismissals (regular contracts),0_TO_6,0-6 scale,VERSION4,Version 4 (2013-2019),2023,,2.4305141,,F,Free (free for publication),2,Two,A,Normal value,0,Units
DATAFLOW,OECD.ELS.JAI:DSD_EPL@DF_EPL(1.0),Strictness of employment protection,I,A,Annual,SWE,Sweden,EPL_OV,Individual and collective dismissals (regular contracts),0_TO_6,0-6 scale,VERSION4,Version 4 (2013-2019),2023,,2.5098815,,F,Free (free for publication),2,Two,A,Normal value,0,Units
DATAFLOW,OECD.ELS.JAI:DSD_EPL@DF_EPL(1.0),Strictness of employment protection,I,A,Annual,CHE,Switzerland,EPL_OV,Individual and collective dismissals (regular contracts),0_TO_6,0-6 scale,VERSION4,Version 4 (2013-2019),2023,,1.6069735,,F,Free (free for publication),2,Two,A,Normal value,0,Units
DATAFLOW,OECD.ELS.JAI:DSD_EPL@DF_EPL(1.0),Strictness of employment protection,I,A,Annual,TUR,Türkiye,EPL_OV,Individual and collective dismissals (regular contracts),0_TO_6,0-6 scale,VERSION4,Version 4 (2013-2019),2023,,2.9496608,,F,Free (free for publication),2,Two,A,Normal value,0,Units
DATAFLOW,OECD.ELS.JAI:DSD_EPL@DF_EPL(1.0),Strictness of employment protection,I,A,Annual,GBR,United Kingdom,EPL_OV,Individual and collective dismissals (regular contracts),0_TO_6,0-6 scale,VERSION4,Version 4 (2013-2019),2023,,1.9017237,,F,Free (free for publication),2,Two,A,Normal value,0,Units
DATAFLOW,OECD.ELS.JAI:DSD_EPL@DF_EPL(1.0),Strictness of employment protection,I,A,Annual,USA,United States,EPL_OV,Individual and collective dismissals (regular contracts),0_TO_6,0-6 scale,VERSION4,Version 4 (2013-2019),2023,,0.76577598,,F,Free (free for publication),2,Two,A,Normal value,0,Units
DATAFLOW,OECD.ELS.JAI:DSD_EPL@DF_EPL(1.0),Strictness of employment protection,I,A,Annual,OECD,OECD,EPL_OV,Individual and collective dismissals (regular contracts),0_TO_6,0-6 scale,VERSION4,Version 4 (2013-2019),2023,,2.2096617,,F,Free (free for publication),2,Two,A,Normal value,0,Units
DATAFLOW,OECD.ELS.JAI:DSD_EPL@DF_EPL(1.0),Strictness of employment protection,I,A,Annual,ARG,Argentina,EPL_OV,Individual and collective dismissals (regular contracts),0_TO_6,0-6 scale,VERSION4,Version 4 (2013-2019),2023,,2.5987003,,F,Free (free for publication),2,Two,A,Normal value,0,Units
DATAFLOW,OECD.ELS.JAI:DSD_EPL@DF_EPL(1.0),Strictness of employment protection,I,A,Annual,AUS,Australia,EPL_OV,Individual and collective dismissals (regular contracts),0_TO_6,0-6 scale,VERSION4,Version 4 (2013-2019),2024,,1.7000779,,F,Free (free for publication),2,Two,A,Normal value,0,Units
DATAFLOW,OECD.ELS.JAI:DSD_EPL@DF_EPL(1.0),Strictness of employment protection,I,A,Annual,AUT,Austria,EPL_OV,Individual and collective dismissals (regular contracts),0_TO_6,0-6 scale,VERSION4,Version 4 (2013-2019),2024,,1.9434878,,F,Free (free for publication),2,Two,A,Normal value,0,Units
DATAFLOW,OECD.ELS.JAI:DSD_EPL@DF_EPL(1.0),Strictness of employment protection,I,A,Annual,BEL,Belgium,EPL_OV,Individual and collective dismissals (regular contracts),0_TO_6,0-6 scale,VERSION4,Version 4 (2013-2019),2024,,2.5911174,,F,Free (free for publication),2,Two,A,Normal value,0,Units
DATAFLOW,OECD.ELS.JAI:DSD_EPL@DF_EPL(1.0),Strictness of employment protection,I,A,Annual,CAN,Canada,EPL_OV,Individual and collective dismissals (regular contracts),0_TO_6,0-6 scale,VERSION4,Version 4 (2013-2019),2024,,1.0178068,,F,Free (free for publication),2,Two,A,Normal value,0,Units
DATAFLOW,OECD.ELS.JAI:DSD_EPL@DF_EPL(1.0),Strictness of employment protection,I,A,Annual,CHL,Chile,EPL_OV,Individual and collective dismissals (regular contracts),0_TO_6,0-6 scale,VERSION4,Version 4 (2013-2019),2024,,2.3417659,,F,Free (free for publication),2,Two,A,Normal value,0,Units
DATAFLOW,OECD.ELS.JAI:DSD_EPL@DF_EPL(1.0),Strictness of employment protection,I,A,Annual,COL,Colombia,EPL_OV,Individual and collective dismissals (regular contracts),0_TO_6,0-6 scale,VERSION4,Version 4 (2013-2019),2024,,1.4358112,,F,Free (free for publication),2,Two,A,Normal value,0,Units
DATAFLOW,OECD.ELS.JAI:DSD_EPL@DF_EPL(1.0),Strictness of employment protection,I,A,Annual,CRI,Costa Rica,EPL_OV,Individual and collective dismissals (regular contracts),0_TO_6,0-6 scale,VERSION4,Version 4 (2013-2019),2024,,0.63690478,,F,Free (free for publication),2,Two,A,Normal value,0,Units
DATAFLOW,OECD.ELS.JAI:DSD_EPL@DF_EPL(1.0),Strictness of employment protection,I,A,Annual,CZE,Czechia,EPL_OV,Individual and collective dismissals (regular contracts),0_TO_6,0-6 scale,VERSION4,Version 4 (2013-2019),2024,,3.0252621,,F,Free (free for publication),2,Two,A,Normal value,0,Units
DATAFLOW,OECD.ELS.JAI:DSD_EPL@DF_EPL(1.0),Strictness of employment protection,I,A,Annual,DNK,Denmark,EPL_OV,Individual and collective dismissals (regular contracts),0_TO_6,0-6 scale,VERSION4,Version 4 (2013-2019),2024,,1.937693,,F,Free (free for publication),2,Two,A,Normal value,0,Units
DATAFLOW,OECD.ELS.JAI:DSD_EPL@DF_EPL(1.0),Strictness of employment protection,I,A,Annual,EST,Estonia,EPL_OV,Individual and collective dismissals (regular contracts),0_TO_6,0-6 scale,VERSION4,Version 4 (2013-2019),2024,,1.9342227,,F,Free (free for publication),2,Two,A,Normal value,0,Units
DATAFLOW,OECD.ELS.JAI:DSD_EPL@DF_EPL(1.0),Strictness of employment protection,I,A,Annual,FIN,Finland,EPL_OV,Individual and collective dismissals (regular contracts),0_TO_6,0-6 scale,VERSION4,Version 4 (2013-2019),2024,,2.4797511,,F,Free (free for publication),2,Two,A,Normal value,0,Units
DATAFLOW,OECD.ELS.JAI:DSD_EPL@DF_EPL(1.0),Strictness of employment protection,I,A,Annual,FRA,France,EPL_OV,Individual and collective dismissals (regular contracts),0_TO_6,0-6 scale,VERSION4,Version 4 (2013-2019),2024,,2.6759372,,F,Free (free for publication),2,Two,A,Normal value,0,Units
DATAFLOW,OECD.ELS.JAI:DSD_EPL@DF_EPL(1.0),Strictness of employment protection,I,A,Annual,DEU,Germany,EPL_OV,Individual and collective dismissals (regular contracts),0_TO_6,0-6 scale,VERSION4,Version 4 (2013-2019),2024,,2.3324111,,F,Free (free for publication),2,Two,A,Normal value,0,Units
DATAFLOW,OECD.ELS.JAI:DSD_EPL@DF_EPL(1.0),Strictness of employment protection,I,A,Annual,GRC,Greece,EPL_OV,Individual and collective dismissals (regular contracts),0_TO_6,0-6 scale,VERSION4,Version 4 (2013-2019),2024,,2.3214011,,F,Free (free for publication),2,Two,A,Normal value,0,Units
DATAFLOW,OECD.ELS.JAI:DSD_EPL@DF_EPL(1.0),Strictness of employment protection,I,A,Annual,HUN,Hungary,EPL_OV,Individual and collective dismissals (regular contracts),0_TO_6,0-6 scale,VERSION4,Version 4 (2013-2019),2024,,1.8923346,,F,Free (free for publication),2,Two,A,Normal value,0,Units
DATAFLOW,OECD.ELS.JAI:DSD_EPL@DF_EPL(1.0),Strictness of employment protection,I,A,Annual,ISL,Iceland,EPL_OV,Individual and collective dismissals (regular contracts),0_TO_6,0-6 scale,VERSION4,Version 4 (2013-2019),2024,,2.2030895,,F,Free (free for publication),2,Two,A,Normal value,0,Units
DATAFLOW,OECD.ELS.JAI:DSD_EPL@DF_EPL(1.0),Strictness of employment protection,I,A,Annual,IRL,Ireland,EPL_OV,Individual and collective dismissals (regular contracts),0_TO_6,0-6 scale,VERSION4,Version 4 (2013-2019),2024,,2.1731946,,F,Free (free for publication),2,Two,A,Normal value,0,Units
DATAFLOW,OECD.ELS.JAI:DSD_EPL@DF_EPL(1.0),Strictness of employment protection,I,A,Annual,ISR,Israel,EPL_OV,Individual and collective dismissals (regular contracts),0_TO_6,0-6 scale,VERSION4,Version 4 (2013-2019),2024,,2.8320932,,F,Free (free for publication),2,Two,A,Normal value,0,Units
DATAFLOW,OECD.ELS.JAI:DSD_EPL@DF_EPL(1.0),Strictness of employment protection,I,A,Annual,ITA,Italy,EPL_OV,Individual and collective dismissals (regular contracts),0_TO_6,0-6 scale,VERSION4,Version 4 (2013-2019),2024,,2.8555663,,F,Free (free for publication),2,Two,A,Normal value,0,Units
DATAFLOW,OECD.ELS.JAI:DSD_EPL@DF_EPL(1.0),Strictness of employment protection,I,A,Annual,JPN,Japan,EPL_OV,Individual and collective dismissals (regular contracts),0_TO_6,0-6 scale,VERSION4,Version 4 (2013-2019),2024,,2.0809152,,F,Free (free for publication),2,Two,A,Normal value,0,Units
DATAFLOW,OECD.ELS.JAI:DSD_EPL@DF_EPL(1.0),Strictness of employment protection,I,A,Annual,KOR,Korea,EPL_OV,Individual and collective dismissals (regular contracts),0_TO_6,0-6 scale,VERSION4,Version 4 (2013-2019),2024,,2.3502338,,F,Free (free for publication),2,Two,A,Normal value,0,Units
DATAFLOW,OECD.ELS.JAI:DSD_EPL@DF_EPL(1.0),Strictness of employment protection,I,A,Annual,LVA,Latvia,EPL_OV,Individual and collective dismissals (regular contracts),0_TO_6,0-6 scale,VERSION4,Version 4 (2013-2019),2024,,2.7081208,,F,Free (free for publication),2,Two,A,Normal value,0,Units
DATAFLOW,OECD.ELS.JAI:DSD_EPL@DF_EPL(1.0),Strictness of employment protection,I,A,Annual,LTU,Lithuania,EPL_OV,Individual and collective dismissals (regular contracts),0_TO_6,0-6 scale,VERSION4,Version 4 (2013-2019),2024,,1.848945,,F,Free (free for publication),2,Two,A,Normal value,0,Units
DATAFLOW,OECD.ELS.JAI:DSD_EPL@DF_EPL(1.0),Strictness of employment protection,I,A,Annual,LUX,Luxembourg,EPL_OV,Individual and collective dismissals (regular contracts),0_TO_6,0-6 scale,VERSION4,Version 4 (2013-2019),2024,,2.5418367,,F,Free (free for publication),2,Two,A,Normal value,0,Units
DATAFLOW,OECD.ELS.JAI:DSD_EPL@DF_EPL(1.0),Strictness of employment protection,I,A,Annual,MEX,Mexico,EPL_OV,Individual and collective dismissals (regular contracts),0_TO_6,0-6 scale,VERSION4,Version 4 (2013-2019),2024,,2.4308035,,F,Free (free for publication),2,Two,A,Normal value,0,Units
DATAFLOW,OECD.ELS.JAI:DSD_EPL@DF_EPL(1.0),Strictness of employment protection,I,A,Annual,NLD,Netherlands,EPL_OV,Individual and collective dismissals (regular contracts),0_TO_6,0-6 scale,VERSION4,Version 4 (2013-2019),2024,,2.8808725,,F,Free (free for publication),2,Two,A,Normal value,0,Units
DATAFLOW,OECD.ELS.JAI:DSD_EPL@DF_EPL(1.0),Strictness of employment protection,I,A,Annual,NZL,New Zealand,EPL_OV,Individual and collective dismissals (regular contracts),0_TO_6,0-6 scale,VERSION4,Version 4 (2013-2019),2024,,2.2226827,,F,Free (free for publication),2,Two,A,Normal value,0,Units
DATAFLOW,OECD.ELS.JAI:DSD_EPL@DF_EPL(1.0),Strictness of employment protection,I,A,Annual,NOR,Norway,EPL_OV,Individual and collective dismissals (regular contracts),0_TO_6,0-6 scale,VERSION4,Version 4 (2013-2019),2024,,2.3734853,,F,Free (free for publication),2,Two,A,Normal value,0,Units
DATAFLOW,OECD.ELS.JAI:DSD_EPL@DF_EPL(1.0),Strictness of employment protection,I,A,Annual,POL,Poland,EPL_OV,Individual and collective dismissals (regular contracts),0_TO_6,0-6 scale,VERSION4,Version 4 (2013-2019),2024,,2.4210324,,F,Free (free for publication),2,Two,A,Normal value,0,Units
DATAFLOW,OECD.ELS.JAI:DSD_EPL@DF_EPL(1.0),Strictness of employment protection,I,A,Annual,PRT,Portugal,EPL_OV,Individual and collective dismissals (regular contracts),0_TO_6,0-6 scale,VERSION4,Version 4 (2013-2019),2024,,2.9610438,,F,Free (free for publication),2,Two,A,Normal value,0,Units
DATAFLOW,OECD.ELS.JAI:DSD_EPL@DF_EPL(1.0),Strictness of employment protection,I,A,Annual,SVK,Slovak Republic,EPL_OV,Individual and collective dismissals (regular contracts),0_TO_6,0-6 scale,VERSION4,Version 4 (2013-2019),2024,,2.330605,,F,Free (free for publication),2,Two,A,Normal value,0,Units
DATAFLOW,OECD.ELS.JAI:DSD_EPL@DF_EPL(1.0),Strictness of employment protection,I,A,Annual,SVN,Slovenia,EPL_OV,Individual and collective dismissals (regular contracts),0_TO_6,0-6 scale,VERSION4,Version 4 (2013-2019),2024,,2.3221097,,F,Free (free for publication),2,Two,A,Normal value,0,Units
DATAFLOW,OECD.ELS.JAI:DSD_EPL@DF_EPL(1.0),Strictness of employment protection,I,A,Annual,ESP,Spain,EPL_OV,Individual and collective dismissals (regular contracts),0_TO_6,0-6 scale,VERSION4,Version 4 (2013-2019),2024,,2.4305141,,F,Free (free for publication),2,Two,A,Normal value,0,Units
DATAFLOW,OECD.ELS.JAI:DSD_EPL@DF_EPL(1.0),Strictness of employment protection,I,A,Annual,SWE,Sweden,EPL_OV,Individual and collective dismissals (regular contracts),0_TO_6,0-6 scale,VERSION4,Version 4 (2013-2019),2024,,2.5098815,,F,Free (free for publication),2,Two,A,Normal value,0,Units
DATAFLOW,OECD.ELS.JAI:DSD_EPL@DF_EPL(1.0),Strictness of employment protection,I,A,Annual,CHE,Switzerland,EPL_OV,Individual and collective dismissals (regular contracts),0_TO_6,0-6 scale,VERSION4,Version 4 (2013-2019),2024,,1.6069735,,F,Free (free for publication),2,Two,A,Normal value,0,Units
DATAFLOW,OECD.ELS.JAI:DSD_EPL@DF_EPL(1.0),Strictness of employment protection,I,A,Annual,TUR,Türkiye,EPL_OV,Individual and collective dismissals (regular contracts),0_TO_6,0-6 scale,VERSION4,Version 4 (2013-2019),2024,,2.9496608,,F,Free (free for publication),2,Two,A,Normal value,0,Units
DATAFLOW,OECD.ELS.JAI:DSD_EPL@DF_EPL(1.0),Strictness of employment protection,I,A,Annual,GBR,United Kingdom,EPL_OV,Individual and collective dismissals (regular contracts),0_TO_6,0-6 scale,VERSION4,Version 4 (2013-2019),2024,,1.9017237,,F,Free (free for publication),2,Two,A,Normal value,0,Units
DATAFLOW,OECD.ELS.JAI:DSD_EPL@DF_EPL(1.0),Strictness of employment protection,I,A,Annual,USA,United States,EPL_OV,Individual and collective dismissals (regular contracts),0_TO_6,0-6 scale,VERSION4,Version 4 (2013-2019),2024,,0.76577598,,F,Free (free for publication),2,Two,A,Normal value,0,Units
DATAFLOW,OECD.ELS.JAI:DSD_EPL@DF_EPL(1.0),Strictness of employment protection,I,A,Annual,OECD,OECD,EPL_OV,Individual and collective dismissals (regular contracts),0_TO_6,0-6 scale,VERSION4,Version 4 (2013-2019),2024,,2.2096617,,F,Free (free for publication),2,Two,A,Normal value,0,Units
DATAFLOW,OECD.ELS.JAI:DSD_EPL@DF_EPL(1.0),Strictness of employment protection,I,A,Annual,ARG,Argentina,EPL_OV,Individual and collective dismissals (regular contracts),0_TO_6,0-6 scale,VERSION4,Version 4 (2013-2019),2024,,2.5987003,,F,Free (free for publication),2,Two,A,Normal value,0,Units
DATAFLOW,OECD.ELS.JAI:DSD_EPL@DF_EPL(1.0),Strictness of employment protection,I,A,Annual,AUS,Australia,EPL_OV,Individual and collective dismissals (regular contracts),0_TO_6,0-6 scale,VERSION4,Version 4 (2013-2019),2025,,1.7000779,,F,Free (free for publication),2,Two,A,Normal value,0,Units
DATAFLOW,OECD.ELS.JAI:DSD_EPL@DF_EPL(1.0),Strictness of employment protection,I,A,Annual,AUT,Austria,EPL_OV,Individual and collective dismissals (regular contracts),0_TO_6,0-6 scale,VERSION4,Version 4 (2013-2019),2025,,1.9434878,,F,Free (free for publication),2,Two,A,Normal value,0,Units
DATAFLOW,OECD.ELS.JAI:DSD_EPL@DF_EPL(1.0),Strictness of employment protection,I,A,Annual,BEL,Belgium,EPL_OV,Individual and collective dismissals (regular contracts),0_TO_6,0-6 scale,VERSION4,Version 4 (2013-2019),2025,,2.5911174,,F,Free (free for publication),2,Two,A,Normal value,0,Units
DATAFLOW,OECD.ELS.JAI:DSD_EPL@DF_EPL(1.0),Strictness of employment protection,I,A,Annual,CAN,Canada,EPL_OV,Individual and collective dismissals (regular contracts),0_TO_6,0-6 scale,VERSION4,Version 4 (2013-2019),2025,,1.0178068,,F,Free (free for publication),2,Two,A,Normal value,0,Units
DATAFLOW,OECD.ELS.JAI:DSD_EPL@DF_EPL(1.0),Strictness of employment protection,I,A,Annual,CHL,Chile,EPL_OV,Individual and collective dismissals (regular contracts),0_TO_6,0-6 scale,VERSION4,Version 4 (2013-2019),2025,,2.3417659,,F,Free (free for publication),2,Two,A,Normal value,0,Units
DATAFLOW,OECD.ELS.JAI:DSD_EPL@DF_EPL(1.0),Strictness of employment protection,I,A,Annual,COL,Colombia,EPL_OV,Individual and collective dismissals (regular contracts),0_TO_6,0-6 scale,VERSION4,Version 4 (2013-2019),2025,,1.4358112,,F,Free (free for publication),2,Two,A,Normal value,0,Units
DATAFLOW,OECD.ELS.JAI:DSD_EPL@DF_EPL(1.0),Strictness of employment protection,I,A,Annual,CRI,Costa Rica,EPL_OV,Individual and collective dismissals (regular contracts),0_TO_6,0-6 scale,VERSION4,Version 4 (2013-2019),2025,,0.63690478,,F,Free (free for publication),2,Two,A,Normal value,0,Units
DATAFLOW,OECD.ELS.JAI:DSD_EPL@DF_EPL(1.0),Strictness of employment protection,I,A,Annual,CZE,Czechia,EPL_OV,Individual and collective dismissals (regular contracts),0_TO_6,0-6 scale,VERSION4,Version 4 (2013-2019),2025,,3.0252621,,F,Free (free for publication),2,Two,A,Normal value,0,Units
DATAFLOW,OECD.ELS.JAI:DSD_EPL@DF_EPL(1.0),Strictness of employment protection,I,A,Annual,DNK,Denmark,EPL_OV,Individual and collective dismissals (regular contracts),0_TO_6,0-6 scale,VERSION4,Version 4 (2013-2019),2025,,1.937693,,F,Free (free for publication),2,Two,A,Normal value,0,Units
DATAFLOW,OECD.ELS.JAI:DSD_EPL@DF_EPL(1.0),Strictness of employment protection,I,A,Annual,EST,Estonia,EPL_OV,Individual and collective dismissals (regular contracts),0_TO_6,0-6 scale,VERSION4,Version 4 (2013-2019),2025,,1.9342227,,F,Free (free for publication),2,Two,A,Normal value,0,Units
DATAFLOW,OECD.ELS.JAI:DSD_EPL@DF_EPL(1.0),Strictness of employment protection,I,A,Annual,FIN,Finland,EPL_OV,Individual and collective dismissals (regular contracts),0_TO_6,0-6 scale,VERSION4,Version 4 (2013-2019),2025,,2.4797511,,F,Free (free for publication),2,Two,A,Normal value,0,Units
DATAFLOW,OECD.ELS.JAI:DSD_EPL@DF_EPL(1.0),Strictness of employment protection,I,A,Annual,FRA,France,EPL_OV,Individual and collective dismissals (regular contracts),0_TO_6,0-6 scale,VERSION4,Version 4 (2013-2019),2025,,2.6759372,,F,Free (free for publication),2,Two,A,Normal value,0,Units
DATAFLOW,OECD.ELS.JAI:DSD_EPL@DF_EPL(1.0),Strictness of employment protection,I,A,Annual,DEU,Germany,EPL_OV,Individual and collective dismissals (regular contracts),0_TO_6,0-6 scale,VERSION4,Version 4 (2013-2019),2025,,2.3324111,,F,Free (free for publication),2,Two,A,Normal value,0,Units
DATAFLOW,OECD.ELS.JAI:DSD_EPL@DF_EPL(1.0),Strictness of employment protection,I,A,Annual,GRC,Greece,EPL_OV,Individual and collective dismissals (regular contracts),0_TO_6,0-6 scale,VERSION4,Version 4 (2013-2019),2025,,2.3214011,,F,Free (free for publication),2,Two,A,Normal value,0,Units
DATAFLOW,OECD.ELS.JAI:DSD_EPL@DF_EPL(1.0),Strictness of employment protection,I,A,Annual,HUN,Hungary,EPL_OV,Individual and collective dismissals (regular contracts),0_TO_6,0-6 scale,VERSION4,Version 4 (2013-2019),2025,,1.8923346,,F,Free (free for publication),2,Two,A,Normal value,0,Units
DATAFLOW,OECD.ELS.JAI:DSD_EPL@DF_EPL(1.0),Strictness of employment protection,I,A,Annual,IRL,Ireland,EPL_OV,Individual and collective dismissals (regular contracts),0_TO_6,0-6 scale,VERSION4,Version 4 (2013-2019),2025,,2.1731946,,F,Free (free for publication),2,Two,A,Normal value,0,Units
DATAFLOW,OECD.ELS.JAI:DSD_EPL@DF_EPL(1.0),Strictness of employment protection,I,A,Annual,ITA,Italy,EPL_OV,Individual and collective dismissals (regular contracts),0_TO_6,0-6 scale,VERSION4,Version 4 (2013-2019),2025,,2.8555663,,F,Free (free for publication),2,Two,A,Normal value,0,Units
DATAFLOW,OECD.ELS.JAI:DSD_EPL@DF_EPL(1.0),Strictness of employment protection,I,A,Annual,JPN,Japan,EPL_OV,Individual and collective dismissals (regular contracts),0_TO_6,0-6 scale,VERSION4,Version 4 (2013-2019),2025,,2.0809152,,F,Free (free for publication),2,Two,A,Normal value,0,Units
DATAFLOW,OECD.ELS.JAI:DSD_EPL@DF_EPL(1.0),Strictness of employment protection,I,A,Annual,KOR,Korea,EPL_OV,Individual and collective dismissals (regular contracts),0_TO_6,0-6 scale,VERSION4,Version 4 (2013-2019),2025,,2.3502338,,F,Free (free for publication),2,Two,A,Normal value,0,Units
DATAFLOW,OECD.ELS.JAI:DSD_EPL@DF_EPL(1.0),Strictness of employment protection,I,A,Annual,LVA,Latvia,EPL_OV,Individual and collective dismissals (regular contracts),0_TO_6,0-6 scale,VERSION4,Version 4 (2013-2019),2025,,2.7081208,,F,Free (free for publication),2,Two,A,Normal value,0,Units
DATAFLOW,OECD.ELS.JAI:DSD_EPL@DF_EPL(1.0),Strictness of employment protection,I,A,Annual,LTU,Lithuania,EPL_OV,Individual and collective dismissals (regular contracts),0_TO_6,0-6 scale,VERSION4,Version 4 (2013-2019),2025,,1.848945,,F,Free (free for publication),2,Two,A,Normal value,0,Units
DATAFLOW,OECD.ELS.JAI:DSD_EPL@DF_EPL(1.0),Strictness of employment protection,I,A,Annual,LUX,Luxembourg,EPL_OV,Individual and collective dismissals (regular contracts),0_TO_6,0-6 scale,VERSION4,Version 4 (2013-2019),2025,,2.5418367,,F,Free (free for publication),2,Two,A,Normal value,0,Units
DATAFLOW,OECD.ELS.JAI:DSD_EPL@DF_EPL(1.0),Strictness of employment protection,I,A,Annual,MEX,Mexico,EPL_OV,Individual and collective dismissals (regular contracts),0_TO_6,0-6 scale,VERSION4,Version 4 (2013-2019),2025,,2.4308035,,F,Free (free for publication),2,Two,A,Normal value,0,Units
DATAFLOW,OECD.ELS.JAI:DSD_EPL@DF_EPL(1.0),Strictness of employment protection,I,A,Annual,NLD,Netherlands,EPL_OV,Individual and collective dismissals (regular contracts),0_TO_6,0-6 scale,VERSION4,Version 4 (2013-2019),2025,,2.8808725,,F,Free (free for publication),2,Two,A,Normal value,0,Units
DATAFLOW,OECD.ELS.JAI:DSD_EPL@DF_EPL(1.0),Strictness of employment protection,I,A,Annual,NZL,New Zealand,EPL_OV,Individual and collective dismissals (regular contracts),0_TO_6,0-6 scale,VERSION4,Version 4 (2013-2019),2025,,2.2226827,,F,Free (free for publication),2,Two,A,Normal value,0,Units
DATAFLOW,OECD.ELS.JAI:DSD_EPL@DF_EPL(1.0),Strictness of employment protection,I,A,Annual,NOR,Norway,EPL_OV,Individual and collective dismissals (regular contracts),0_TO_6,0-6 scale,VERSION4,Version 4 (2013-2019),2025,,2.3734853,,F,Free (free for publication),2,Two,A,Normal value,0,Units
DATAFLOW,OECD.ELS.JAI:DSD_EPL@DF_EPL(1.0),Strictness of employment protection,I,A,Annual,POL,Poland,EPL_OV,Individual and collective dismissals (regular contracts),0_TO_6,0-6 scale,VERSION4,Version 4 (2013-2019),2025,,2.4210324,,F,Free (free for publication),2,Two,A,Normal value,0,Units
DATAFLOW,OECD.ELS.JAI:DSD_EPL@DF_EPL(1.0),Strictness of employment protection,I,A,Annual,PRT,Portugal,EPL_OV,Individual and collective dismissals (regular contracts),0_TO_6,0-6 scale,VERSION4,Version 4 (2013-2019),2025,,2.9610438,,F,Free (free for publication),2,Two,A,Normal value,0,Units
DATAFLOW,OECD.ELS.JAI:DSD_EPL@DF_EPL(1.0),Strictness of employment protection,I,A,Annual,SVK,Slovak Republic,EPL_OV,Individual and collective dismissals (regular contracts),0_TO_6,0-6 scale,VERSION4,Version 4 (2013-2019),2025,,2.330605,,F,Free (free for publication),2,Two,A,Normal value,0,Units
DATAFLOW,OECD.ELS.JAI:DSD_EPL@DF_EPL(1.0),Strictness of employment protection,I,A,Annual,SVN,Slovenia,EPL_OV,Individual and collective dismissals (regular contracts),0_TO_6,0-6 scale,VERSION4,Version 4 (2013-2019),2025,,2.3221097,,F,Free (free for publication),2,Two,A,Normal value,0,Units
DATAFLOW,OECD.ELS.JAI:DSD_EPL@DF_EPL(1.0),Strictness of employment protection,I,A,Annual,ESP,Spain,EPL_OV,Individual and collective dismissals (regular contracts),0_TO_6,0-6 scale,VERSION4,Version 4 (2013-2019),2025,,2.4305141,,F,Free (free for publication),2,Two,A,Normal value,0,Units
DATAFLOW,OECD.ELS.JAI:DSD_EPL@DF_EPL(1.0),Strictness of employment protection,I,A,Annual,SWE,Sweden,EPL_OV,Individual and collective dismissals (regular contracts),0_TO_6,0-6 scale,VERSION4,Version 4 (2013-2019),2025,,2.5098815,,F,Free (free for publication),2,Two,A,Normal value,0,Units
DATAFLOW,OECD.ELS.JAI:DSD_EPL@DF_EPL(1.0),Strictness of employment protection,I,A,Annual,CHE,Switzerland,EPL_OV,Individual and collective dismissals (regular contracts),0_TO_6,0-6 scale,VERSION4,Version 4 (2013-2019),2025,,1.6069735,,F,Free (free for publication),2,Two,A,Normal value,0,Units
DATAFLOW,OECD.ELS.JAI:DSD_EPL@DF_EPL(1.0),Strictness of employment protection,I,A,Annual,TUR,Türkiye,EPL_OV,Individual and collective dismissals (regular contracts),0_TO_6,0-6 scale,VERSION4,Version 4 (2013-2019),2025,,2.9496608,,F,Free (free for publication),2,Two,A,Normal value,0,Units
DATAFLOW,OECD.ELS.JAI:DSD_EPL@DF_EPL(1.0),Strictness of employment protection,I,A,Annual,GBR,United Kingdom,EPL_OV,Individual and collective dismissals (regular contracts),0_TO_6,0-6 scale,VERSION4,Version 4 (2013-2019),2025,,1.9017237,,F,Free (free for publication),2,Two,A,Normal value,0,Units
DATAFLOW,OECD.ELS.JAI:DSD_EPL@DF_EPL(1.0),Strictness of employment protection,I,A,Annual,USA,United States,EPL_OV,Individual and collective dismissals (regular contracts),0_TO_6,0-6 scale,VERSION4,Version 4 (2013-2019),2025,,0.76577598,,F,Free (free for publication),2,Two,A,Normal value,0,Units
DATAFLOW,OECD.ELS.JAI:DSD_EPL@DF_EPL(1.0),Strictness of employment protection,I,A,Annual,ARG,Argentina,EPL_OV,Individual and collective dismissals (regular contracts),0_TO_6,0-6 scale,VERSION4,Version 4 (2013-2019),2025,,2.5604351,,F,Free (free for publication),2,Two,A,Normal value,0,Units
DATAFLOW,OECD.ELS.JAI:DSD_EPL@DF_EPL(1.0),Strictness of employment protection,I,A,Annual,OECD,OECD,EPL_T,Temporary contracts,0_TO_6,0-6 scale,VERSION4,Version 4 (2013-2019),2014,,1.798258066,,F,Free (free for publication),2,Two,A,Normal value,0,Units
DATAFLOW,OECD.ELS.JAI:DSD_EPL@DF_EPL(1.0),Strictness of employment protection,I,A,Annual,OECD,OECD,EPL_T,Temporary contracts,0_TO_6,0-6 scale,VERSION4,Version 4 (2013-2019),2015,,1.794973612,,F,Free (free for publication),2,Two,A,Normal value,0,Units
DATAFLOW,OECD.ELS.JAI:DSD_EPL@DF_EPL(1.0),Strictness of employment protection,I,A,Annual,OECD,OECD,EPL_T,Temporary contracts,0_TO_6,0-6 scale,VERSION4,Version 4 (2013-2019),2016,,1.79450202,,F,Free (free for publication),2,Two,A,Normal value,0,Units
DATAFLOW,OECD.ELS.JAI:DSD_EPL@DF_EPL(1.0),Strictness of employment protection,I,A,Annual,OECD,OECD,EPL_T,Temporary contracts,0_TO_6,0-6 scale,VERSION4,Version 4 (2013-2019),2017,,1.787020445,,F,Free (free for publication),2,Two,A,Normal value,0,Units
DATAFLOW,OECD.ELS.JAI:DSD_EPL@DF_EPL(1.0),Strictness of employment protection,I,A,Annual,OECD,OECD,EPL_T,Temporary contracts,0_TO_6,0-6 scale,VERSION4,Version 4 (2013-2019),2018,,1.765732169,,F,Free (free for publication),2,Two,A,Normal value,0,Units
